Informaci�n relacionada a:,Primas, monto bruto y neto, tipo de moneda y su periodicidad
ID,FECHA CREACION, FECHA MODIFICACION,"DENOMINACI�N DE LAS PRIMAS","MONTO BRUTO DE LAS PRIMAS","MONTO NETO DE LAS PRIMAS","TIPO DE MONEDA DE LAS PRIMAS","PERIODICIDAD DE LAS PRIMAS"
167922294,"30/10/21","30/10/21","PRIMA VACACIONAL","1905.4","1905.4","PESOS MEXICANOS","CUATRIMESTRAL"
167925780,"30/10/21","30/10/21","PRIMA VACACIONAL","43.21","43.21","PESOS MEXICANOS","CUATRIMESTRAL"
167961517,"30/10/21","30/10/21","PRIMA VACACIONAL","2687.57","2687.57","PESOS MEXICANOS","CUATRIMESTRAL"
167960987,"30/10/21","30/10/21","PRIMA VACACIONAL","4","4","PESOS MEXICANOS","CUATRIMESTRAL"
167960854,"30/10/21","30/10/21","PRIMA VACACIONAL","12.48","12.48","PESOS MEXICANOS","CUATRIMESTRAL"
167960665,"30/10/21","30/10/21","PRIMA VACACIONAL","71.9","71.9","PESOS MEXICANOS","CUATRIMESTRAL"
167946164,"30/10/21","30/10/21","PRIMA VACACIONAL","913.43","913.43","PESOS MEXICANOS","CUATRIMESTRAL"
167946162,"30/10/21","30/10/21","PRIMA VACACIONAL","264.64","264.64","PESOS MEXICANOS","CUATRIMESTRAL"
167975754,"30/10/21","30/10/21","PRIMA VACACIONAL","7.33","7.33","PESOS MEXICANOS","CUATRIMESTRAL"
167975596,"30/10/21","30/10/21","PRIMA VACACIONAL","344.56","344.56","PESOS MEXICANOS","CUATRIMESTRAL"
167986579,"30/10/21","30/10/21","PRIMA VACACIONAL","1870.67","1870.67","PESOS MEXICANOS","CUATRIMESTRAL"
167995527,"30/10/21","30/10/21","PRIMA VACACIONAL","228.79","228.79","PESOS MEXICANOS","CUATRIMESTRAL"
167923089,"30/10/21","30/10/21","PRIMA VACACIONAL","436.92","436.92","PESOS MEXICANOS","CUATRIMESTRAL"
167995394,"30/10/21","30/10/21","PRIMA VACACIONAL","398.65","398.65","PESOS MEXICANOS","CUATRIMESTRAL"
167997686,"30/10/21","30/10/21","PRIMA VACACIONAL","60.15","60.15","PESOS MEXICANOS","CUATRIMESTRAL"
167980581,"30/10/21","30/10/21","PRIMA VACACIONAL","129.18","129.18","PESOS MEXICANOS","CUATRIMESTRAL"
167989040,"30/10/21","30/10/21","PRIMA VACACIONAL","28.41","28.41","PESOS MEXICANOS","CUATRIMESTRAL"
167976536,"30/10/21","30/10/21","PRIMA VACACIONAL","2784.82","2784.82","PESOS MEXICANOS","CUATRIMESTRAL"
167972152,"30/10/21","30/10/21","PRIMA VACACIONAL","250.63","250.63","PESOS MEXICANOS","CUATRIMESTRAL"
167966784,"30/10/21","30/10/21","PRIMA VACACIONAL","364.34","364.34","PESOS MEXICANOS","CUATRIMESTRAL"
167969672,"30/10/21","30/10/21","PRIMA VACACIONAL","1562.43","1562.43","PESOS MEXICANOS","CUATRIMESTRAL"
167958626,"30/10/21","30/10/21","PRIMA VACACIONAL","3243.17","3243.17","PESOS MEXICANOS","CUATRIMESTRAL"
167959721,"30/10/21","30/10/21","PRIMA VACACIONAL","5255.31","5255.31","PESOS MEXICANOS","CUATRIMESTRAL"
167962593,"30/10/21","30/10/21","PRIMA VACACIONAL","600.43","600.43","PESOS MEXICANOS","CUATRIMESTRAL"
167919583,"30/10/21","30/10/21","PRIMA VACACIONAL","396.96","396.96","PESOS MEXICANOS","CUATRIMESTRAL"
167919362,"30/10/21","30/10/21","PRIMA VACACIONAL","673.1","673.1","PESOS MEXICANOS","CUATRIMESTRAL"
167919390,"30/10/21","30/10/21","PRIMA VACACIONAL","501.28","501.28","PESOS MEXICANOS","CUATRIMESTRAL"
167919397,"30/10/21","30/10/21","PRIMA VACACIONAL","1026.98","1026.98","PESOS MEXICANOS","CUATRIMESTRAL"
167919620,"30/10/21","30/10/21","PRIMA VACACIONAL","814.72","814.72","PESOS MEXICANOS","CUATRIMESTRAL"
167919409,"30/10/21","30/10/21","PRIMA VACACIONAL","1026.98","1026.98","PESOS MEXICANOS","CUATRIMESTRAL"
167919416,"30/10/21","30/10/21","PRIMA VACACIONAL","857.42","857.42","PESOS MEXICANOS","CUATRIMESTRAL"
167919656,"30/10/21","30/10/21","PRIMA VACACIONAL","673.1","673.1","PESOS MEXICANOS","CUATRIMESTRAL"
167923082,"30/10/21","30/10/21","PRIMA VACACIONAL","349.49","349.49","PESOS MEXICANOS","CUATRIMESTRAL"
167923099,"30/10/21","30/10/21","PRIMA VACACIONAL","349.49","349.49","PESOS MEXICANOS","CUATRIMESTRAL"
167919440,"30/10/21","30/10/21","PRIMA VACACIONAL","673.1","673.1","PESOS MEXICANOS","CUATRIMESTRAL"
167919446,"30/10/21","30/10/21","PRIMA VACACIONAL","656.33","656.33","PESOS MEXICANOS","CUATRIMESTRAL"
167919451,"30/10/21","30/10/21","PRIMA VACACIONAL","814.72","814.72","PESOS MEXICANOS","CUATRIMESTRAL"
167919455,"30/10/21","30/10/21","PRIMA VACACIONAL","2400.9","2400.9","PESOS MEXICANOS","CUATRIMESTRAL"
167919470,"30/10/21","30/10/21","PRIMA VACACIONAL","1141.09","1141.09","PESOS MEXICANOS","CUATRIMESTRAL"
167919680,"30/10/21","30/10/21","PRIMA VACACIONAL","668.38","668.38","PESOS MEXICANOS","CUATRIMESTRAL"
167919687,"30/10/21","30/10/21","PRIMA VACACIONAL","1300.86","1300.86","PESOS MEXICANOS","CUATRIMESTRAL"
167919711,"30/10/21","30/10/21","PRIMA VACACIONAL","673.1","673.1","PESOS MEXICANOS","CUATRIMESTRAL"
167919725,"30/10/21","30/10/21","PRIMA VACACIONAL","814.72","814.72","PESOS MEXICANOS","CUATRIMESTRAL"
167920553,"30/10/21","30/10/21","PRIMA VACACIONAL","673.1","673.1","PESOS MEXICANOS","CUATRIMESTRAL"
167919488,"30/10/21","30/10/21","PRIMA VACACIONAL","814.72","814.72","PESOS MEXICANOS","CUATRIMESTRAL"
167920569,"30/10/21","30/10/21","PRIMA VACACIONAL","952.7","952.7","PESOS MEXICANOS","CUATRIMESTRAL"
167919758,"30/10/21","30/10/21","PRIMA VACACIONAL","673.1","673.1","PESOS MEXICANOS","CUATRIMESTRAL"
167919772,"30/10/21","30/10/21","PRIMA VACACIONAL","396.96","396.96","PESOS MEXICANOS","CUATRIMESTRAL"

