Informaci�n relacionada a:,Gratificaciones, monto bruto y neto, tipo de moneda y su periodicidad
ID,FECHA CREACION, FECHA MODIFICACION,"DENOMINACI�N DE LAS GRATIFICACIONES","MONTO BRUTO DE LAS GRATIFICACIONES","MONTO NETO DE LAS GRATIFICACIONES","TIPO DE MONEDA DE LAS GRATIFICACIONES","PERIODICIDAD DE LAS GRATIFICACIONES"
167995527,"30/10/21","30/10/21","AGUINALDO","53.66","53.66","PESOS MEXICANOS","ANUAL"
167922294,"30/10/21","30/10/21","AGUINALDO","14290.5","14290.5","PESOS MEXICANOS","ANUAL"
167925780,"30/10/21","30/10/21","AGUINALDO","1894.92","1894.92","PESOS MEXICANOS","ANUAL"
167961517,"30/10/21","30/10/21","AGUINALDO","23381.84","23381.84","PESOS MEXICANOS","ANUAL"
167960987,"30/10/21","30/10/21","AGUINALDO","182.24","182.24","PESOS MEXICANOS","ANUAL"
167960854,"30/10/21","30/10/21","AGUINALDO","3417.01","3417.01","PESOS MEXICANOS","ANUAL"
167960665,"30/10/21","30/10/21","AGUINALDO","3280.34","3280.34","PESOS MEXICANOS","ANUAL"
167946164,"30/10/21","30/10/21","AGUINALDO","4150.31","4150.31","PESOS MEXICANOS","ANUAL"
167946162,"30/10/21","30/10/21","AGUINALDO","2777.83","2777.83","PESOS MEXICANOS","ANUAL"
167975754,"30/10/21","30/10/21","AGUINALDO","334.28","334.28","PESOS MEXICANOS","ANUAL"
167986579,"30/10/21","30/10/21","AGUINALDO","16493.79","16493.79","PESOS MEXICANOS","ANUAL"
167995394,"30/10/21","30/10/21","AGUINALDO","17388.77","17388.77","PESOS MEXICANOS","ANUAL"
167997686,"30/10/21","30/10/21","AGUINALDO","2743.76","2743.76","PESOS MEXICANOS","ANUAL"
167980581,"30/10/21","30/10/21","AGUINALDO","5892.56","5892.56","PESOS MEXICANOS","ANUAL"
167989040,"30/10/21","30/10/21","AGUINALDO","1296.22","1296.22","PESOS MEXICANOS","ANUAL"
167966784,"30/10/21","30/10/21","AGUINALDO","2175.04","2175.04","PESOS MEXICANOS","ANUAL"
167969672,"30/10/21","30/10/21","AGUINALDO","15605.13","15605.13","PESOS MEXICANOS","ANUAL"
167946167,"30/10/21","30/10/21","AGUINALDO","1370.14","1370.14","PESOS MEXICANOS","ANUAL"
167958626,"30/10/21","30/10/21","AGUINALDO","4864.76","4864.76","PESOS MEXICANOS","ANUAL"
167959721,"30/10/21","30/10/21","AGUINALDO","20652.25","20652.25","PESOS MEXICANOS","ANUAL"
167962593,"30/10/21","30/10/21","AGUINALDO","2993.4","2993.4","PESOS MEXICANOS","ANUAL"

