Informaci�n relacionada a:,Bonos, monto bruto y neto, tipo de moneda y su periodicidad
ID,FECHA CREACION, FECHA MODIFICACION,"DENOMINACI�N DE LOS BONOS","MONTO BRUTO DE LOS BONOS","MONTO NETO DE LOS BONOS","TIPO DE MONEDA DE LOS BONOS","PERIODICIDAD DE LOS BONOS"
923170587,"04/11/20","04/11/20","EL CETI NO CUENTA CON BONOS","0","0","EL CETI NO CUENTA CON BONOS","EL CETI NO CUENTA CON BONOS"
923170586,"04/11/20","04/11/20","EL CETI NO CUENTA CON BONOS","0","0","EL CETI NO CUENTA CON BONOS","EL CETI NO CUENTA CON BONOS"
923170585,"04/11/20","04/11/20","EL CETI NO CUENTA CON BONOS","0","0","EL CETI NO CUENTA CON BONOS","EL CETI NO CUENTA CON BONOS"
923170584,"04/11/20","04/11/20","EL CETI NO CUENTA CON BONOS","0","0","EL CETI NO CUENTA CON BONOS","EL CETI NO CUENTA CON BONOS"
923170583,"04/11/20","04/11/20","EL CETI NO CUENTA CON BONOS","0","0","EL CETI NO CUENTA CON BONOS","EL CETI NO CUENTA CON BONOS"
923170582,"04/11/20","04/11/20","EL CETI NO CUENTA CON BONOS","0","0","EL CETI NO CUENTA CON BONOS","EL CETI NO CUENTA CON BONOS"
923170581,"04/11/20","04/11/20","EL CETI NO CUENTA CON BONOS","0","0","EL CETI NO CUENTA CON BONOS","EL CETI NO CUENTA CON BONOS"
923170580,"04/11/20","04/11/20","EL CETI NO CUENTA CON BONOS","0","0","EL CETI NO CUENTA CON BONOS","EL CETI NO CUENTA CON BONOS"
923170579,"04/11/20","04/11/20","EL CETI NO CUENTA CON BONOS","0","0","EL CETI NO CUENTA CON BONOS","EL CETI NO CUENTA CON BONOS"
923170578,"04/11/20","04/11/20","EL CETI NO CUENTA CON BONOS","0","0","EL CETI NO CUENTA CON BONOS","EL CETI NO CUENTA CON BONOS"
923170577,"04/11/20","04/11/20","EL CETI NO CUENTA CON BONOS","0","0","EL CETI NO CUENTA CON BONOS","EL CETI NO CUENTA CON BONOS"
923170576,"04/11/20","04/11/20","EL CETI NO CUENTA CON BONOS","0","0","EL CETI NO CUENTA CON BONOS","EL CETI NO CUENTA CON BONOS"
923170575,"04/11/20","04/11/20","EL CETI NO CUENTA CON BONOS","0","0","EL CETI NO CUENTA CON BONOS","EL CETI NO CUENTA CON BONOS"
923170574,"04/11/20","04/11/20","EL CETI NO CUENTA CON BONOS","0","0","EL CETI NO CUENTA CON BONOS","EL CETI NO CUENTA CON BONOS"
923170573,"04/11/20","04/11/20","EL CETI NO CUENTA CON BONOS","0","0","EL CETI NO CUENTA CON BONOS","EL CETI NO CUENTA CON BONOS"
923170572,"04/11/20","04/11/20","EL CETI NO CUENTA CON BONOS","0","0","EL CETI NO CUENTA CON BONOS","EL CETI NO CUENTA CON BONOS"
923170571,"04/11/20","04/11/20","EL CETI NO CUENTA CON BONOS","0","0","EL CETI NO CUENTA CON BONOS","EL CETI NO CUENTA CON BONOS"
923170570,"04/11/20","04/11/20","EL CETI NO CUENTA CON BONOS","0","0","EL CETI NO CUENTA CON BONOS","EL CETI NO CUENTA CON BONOS"
923170569,"04/11/20","04/11/20","EL CETI NO CUENTA CON BONOS","0","0","EL CETI NO CUENTA CON BONOS","EL CETI NO CUENTA CON BONOS"
923170568,"04/11/20","04/11/20","EL CETI NO CUENTA CON BONOS","0","0","EL CETI NO CUENTA CON BONOS","EL CETI NO CUENTA CON BONOS"
923170567,"04/11/20","04/11/20","EL CETI NO CUENTA CON BONOS","0","0","EL CETI NO CUENTA CON BONOS","EL CETI NO CUENTA CON BONOS"
923170566,"04/11/20","04/11/20","EL CETI NO CUENTA CON BONOS","0","0","EL CETI NO CUENTA CON BONOS","EL CETI NO CUENTA CON BONOS"
923170565,"04/11/20","04/11/20","EL CETI NO CUENTA CON BONOS","0","0","EL CETI NO CUENTA CON BONOS","EL CETI NO CUENTA CON BONOS"
923170564,"04/11/20","04/11/20","EL CETI NO CUENTA CON BONOS","0","0","EL CETI NO CUENTA CON BONOS","EL CETI NO CUENTA CON BONOS"
923170563,"04/11/20","04/11/20","EL CETI NO CUENTA CON BONOS","0","0","EL CETI NO CUENTA CON BONOS","EL CETI NO CUENTA CON BONOS"
923170562,"04/11/20","04/11/20","EL CETI NO CUENTA CON BONOS","0","0","EL CETI NO CUENTA CON BONOS","EL CETI NO CUENTA CON BONOS"
923170561,"04/11/20","04/11/20","EL CETI NO CUENTA CON BONOS","0","0","EL CETI NO CUENTA CON BONOS","EL CETI NO CUENTA CON BONOS"
923170560,"04/11/20","04/11/20","EL CETI NO CUENTA CON BONOS","0","0","EL CETI NO CUENTA CON BONOS","EL CETI NO CUENTA CON BONOS"
923170559,"04/11/20","04/11/20","EL CETI NO CUENTA CON BONOS","0","0","EL CETI NO CUENTA CON BONOS","EL CETI NO CUENTA CON BONOS"
929202074,"08/01/21","08/01/21","EL CETI NO CUENTA CON BONOS","0","0","EL CETI NO CUENTA CON BONOS","EL CETI NO CUENTA CON BONOS"
929202073,"08/01/21","08/01/21","EL CETI NO CUENTA CON BONOS","0","0","EL CETI NO CUENTA CON BONOS","EL CETI NO CUENTA CON BONOS"
929202072,"08/01/21","08/01/21","EL CETI NO CUENTA CON BONOS","0","0","EL CETI NO CUENTA CON BONOS","EL CETI NO CUENTA CON BONOS"
929202071,"08/01/21","08/01/21","EL CETI NO CUENTA CON BONOS","0","0","EL CETI NO CUENTA CON BONOS","EL CETI NO CUENTA CON BONOS"
929202070,"08/01/21","08/01/21","EL CETI NO CUENTA CON BONOS","0","0","EL CETI NO CUENTA CON BONOS","EL CETI NO CUENTA CON BONOS"
929202069,"08/01/21","08/01/21","EL CETI NO CUENTA CON BONOS","0","0","EL CETI NO CUENTA CON BONOS","EL CETI NO CUENTA CON BONOS"
929202068,"08/01/21","08/01/21","EL CETI NO CUENTA CON BONOS","0","0","EL CETI NO CUENTA CON BONOS","EL CETI NO CUENTA CON BONOS"
929202067,"08/01/21","08/01/21","EL CETI NO CUENTA CON BONOS","0","0","EL CETI NO CUENTA CON BONOS","EL CETI NO CUENTA CON BONOS"
929202066,"08/01/21","08/01/21","EL CETI NO CUENTA CON BONOS","0","0","EL CETI NO CUENTA CON BONOS","EL CETI NO CUENTA CON BONOS"
929202065,"08/01/21","08/01/21","EL CETI NO CUENTA CON BONOS","0","0","EL CETI NO CUENTA CON BONOS","EL CETI NO CUENTA CON BONOS"
929202064,"08/01/21","08/01/21","EL CETI NO CUENTA CON BONOS","0","0","EL CETI NO CUENTA CON BONOS","EL CETI NO CUENTA CON BONOS"
929202063,"08/01/21","08/01/21","EL CETI NO CUENTA CON BONOS","0","0","EL CETI NO CUENTA CON BONOS","EL CETI NO CUENTA CON BONOS"
929202062,"08/01/21","08/01/21","EL CETI NO CUENTA CON BONOS","0","0","EL CETI NO CUENTA CON BONOS","EL CETI NO CUENTA CON BONOS"
929202061,"08/01/21","08/01/21","EL CETI NO CUENTA CON BONOS","0","0","EL CETI NO CUENTA CON BONOS","EL CETI NO CUENTA CON BONOS"
929202060,"08/01/21","08/01/21","EL CETI NO CUENTA CON BONOS","0","0","EL CETI NO CUENTA CON BONOS","EL CETI NO CUENTA CON BONOS"
929202059,"08/01/21","08/01/21","EL CETI NO CUENTA CON BONOS","0","0","EL CETI NO CUENTA CON BONOS","EL CETI NO CUENTA CON BONOS"
929202058,"08/01/21","08/01/21","EL CETI NO CUENTA CON BONOS","0","0","EL CETI NO CUENTA CON BONOS","EL CETI NO CUENTA CON BONOS"
929202057,"08/01/21","08/01/21","EL CETI NO CUENTA CON BONOS","0","0","EL CETI NO CUENTA CON BONOS","EL CETI NO CUENTA CON BONOS"
929202056,"08/01/21","08/01/21","EL CETI NO CUENTA CON BONOS","0","0","EL CETI NO CUENTA CON BONOS","EL CETI NO CUENTA CON BONOS"
929202055,"08/01/21","08/01/21","EL CETI NO CUENTA CON BONOS","0","0","EL CETI NO CUENTA CON BONOS","EL CETI NO CUENTA CON BONOS"
929202054,"08/01/21","08/01/21","EL CETI NO CUENTA CON BONOS","0","0","EL CETI NO CUENTA CON BONOS","EL CETI NO CUENTA CON BONOS"
929202053,"08/01/21","08/01/21","EL CETI NO CUENTA CON BONOS","0","0","EL CETI NO CUENTA CON BONOS","EL CETI NO CUENTA CON BONOS"
929202052,"08/01/21","08/01/21","EL CETI NO CUENTA CON BONOS","0","0","EL CETI NO CUENTA CON BONOS","EL CETI NO CUENTA CON BONOS"
929202051,"08/01/21","08/01/21","EL CETI NO CUENTA CON BONOS","0","0","EL CETI NO CUENTA CON BONOS","EL CETI NO CUENTA CON BONOS"
929202050,"08/01/21","08/01/21","EL CETI NO CUENTA CON BONOS","0","0","EL CETI NO CUENTA CON BONOS","EL CETI NO CUENTA CON BONOS"

