id,neto,periodicidad,tipo,Universidad
,,,sistemas,Universidad Autonoma del Estado de Hidalgo
,,,primas,Universidad Autonoma del Estado de Hidalgo
,,,percepciones,Universidad Autonoma del Estado de Hidalgo
,,,ingresos,Universidad Autonoma del Estado de Hidalgo
,,,gratificaciones,Universidad Autonoma del Estado de Hidalgo
,,,prestaciones,Universidad Autonoma del Estado de Hidalgo
,,,estimulos,Universidad Autonoma del Estado de Hidalgo
,,,dieta,Universidad Autonoma del Estado de Hidalgo
,,,comisiones,Universidad Autonoma del Estado de Hidalgo
,,,bonos,Universidad Autonoma del Estado de Hidalgo
,,,apoyos,Universidad Autonoma del Estado de Hidalgo
