Informaci�n relacionada a:,Prestaciones en especie y su periodicidad
ID,FECHA CREACION, FECHA MODIFICACION,"DESCRIPCI�N DE LAS PRESTACIONES EN ESPECIE","PERIODICIDAD DE LAS PRESTACIONES EN ESPECIE"
46492596,"06/12/21","06/12/21","NO APLICA","NO APLICA"
46492597,"06/12/21","06/12/21","NO APLICA","NO APLICA"
46492598,"06/12/21","06/12/21","NO APLICA","NO APLICA"
46492599,"06/12/21","06/12/21","NO APLICA","NO APLICA"
46492600,"06/12/21","06/12/21","NO APLICA","NO APLICA"
46492676,"06/12/21","06/12/21","NO APLICA","NO APLICA"
46492677,"06/12/21","06/12/21","NO APLICA","NO APLICA"
46492678,"06/12/21","06/12/21","NO APLICA","NO APLICA"
46492679,"06/12/21","06/12/21","NO APLICA","NO APLICA"
46492680,"06/12/21","06/12/21","NO APLICA","NO APLICA"
46492756,"06/12/21","06/12/21","NO APLICA","NO APLICA"
46492757,"06/12/21","06/12/21","NO APLICA","NO APLICA"
46492758,"06/12/21","06/12/21","NO APLICA","NO APLICA"
46492759,"06/12/21","06/12/21","NO APLICA","NO APLICA"
46492760,"06/12/21","06/12/21","NO APLICA","NO APLICA"
46492836,"06/12/21","06/12/21","NO APLICA","NO APLICA"
46492837,"06/12/21","06/12/21","NO APLICA","NO APLICA"
46492838,"06/12/21","06/12/21","NO APLICA","NO APLICA"
46492839,"06/12/21","06/12/21","NO APLICA","NO APLICA"
46492840,"06/12/21","06/12/21","NO APLICA","NO APLICA"
46492916,"06/12/21","06/12/21","NO APLICA","NO APLICA"
46492917,"06/12/21","06/12/21","NO APLICA","NO APLICA"
46492918,"06/12/21","06/12/21","NO APLICA","NO APLICA"
46492919,"06/12/21","06/12/21","NO APLICA","NO APLICA"
46492920,"06/12/21","06/12/21","NO APLICA","NO APLICA"
46492922,"06/12/21","06/12/21","NO APLICA","NO APLICA"
46492923,"06/12/21","06/12/21","NO APLICA","NO APLICA"
46492924,"06/12/21","06/12/21","NO APLICA","NO APLICA"
46492925,"06/12/21","06/12/21","NO APLICA","NO APLICA"
46492926,"06/12/21","06/12/21","NO APLICA","NO APLICA"
46492957,"06/12/21","06/12/21","NO APLICA","NO APLICA"
46492958,"06/12/21","06/12/21","NO APLICA","NO APLICA"
46492959,"06/12/21","06/12/21","NO APLICA","NO APLICA"
46492960,"06/12/21","06/12/21","NO APLICA","NO APLICA"
46492961,"06/12/21","06/12/21","NO APLICA","NO APLICA"
46493000,"06/12/21","06/12/21","NO APLICA","NO APLICA"
46493001,"06/12/21","06/12/21","NO APLICA","NO APLICA"
46493002,"06/12/21","06/12/21","NO APLICA","NO APLICA"
46493003,"06/12/21","06/12/21","NO APLICA","NO APLICA"
46493004,"06/12/21","06/12/21","NO APLICA","NO APLICA"
46493049,"06/12/21","06/12/21","NO APLICA","NO APLICA"
46493050,"06/12/21","06/12/21","NO APLICA","NO APLICA"
46493051,"06/12/21","06/12/21","NO APLICA","NO APLICA"
46493052,"06/12/21","06/12/21","NO APLICA","NO APLICA"
46493053,"06/12/21","06/12/21","NO APLICA","NO APLICA"
46493104,"06/12/21","06/12/21","NO APLICA","NO APLICA"
46493105,"06/12/21","06/12/21","NO APLICA","NO APLICA"
46493106,"06/12/21","06/12/21","NO APLICA","NO APLICA"
46493107,"06/12/21","06/12/21","NO APLICA","NO APLICA"
46493108,"06/12/21","06/12/21","NO APLICA","NO APLICA"
46493164,"06/12/21","06/12/21","NO APLICA","NO APLICA"
46493165,"06/12/21","06/12/21","NO APLICA","NO APLICA"
46493166,"06/12/21","06/12/21","NO APLICA","NO APLICA"
46493167,"06/12/21","06/12/21","NO APLICA","NO APLICA"
46493168,"06/12/21","06/12/21","NO APLICA","NO APLICA"
46493228,"06/12/21","06/12/21","NO APLICA","NO APLICA"
46493229,"06/12/21","06/12/21","NO APLICA","NO APLICA"
46493230,"06/12/21","06/12/21","NO APLICA","NO APLICA"
46493231,"06/12/21","06/12/21","NO APLICA","NO APLICA"
46493232,"06/12/21","06/12/21","NO APLICA","NO APLICA"
46493298,"06/12/21","06/12/21","NO APLICA","NO APLICA"
46493299,"06/12/21","06/12/21","NO APLICA","NO APLICA"
46493300,"06/12/21","06/12/21","NO APLICA","NO APLICA"
46493301,"06/12/21","06/12/21","NO APLICA","NO APLICA"
46493302,"06/12/21","06/12/21","NO APLICA","NO APLICA"
46493376,"06/12/21","06/12/21","NO APLICA","NO APLICA"
46493377,"06/12/21","06/12/21","NO APLICA","NO APLICA"
46493378,"06/12/21","06/12/21","NO APLICA","NO APLICA"
46493379,"06/12/21","06/12/21","NO APLICA","NO APLICA"
46493380,"06/12/21","06/12/21","NO APLICA","NO APLICA"
46493456,"06/12/21","06/12/21","NO APLICA","NO APLICA"
46493457,"06/12/21","06/12/21","NO APLICA","NO APLICA"
46493458,"06/12/21","06/12/21","NO APLICA","NO APLICA"
46493459,"06/12/21","06/12/21","NO APLICA","NO APLICA"
46493460,"06/12/21","06/12/21","NO APLICA","NO APLICA"
46493536,"06/12/21","06/12/21","NO APLICA","NO APLICA"
46493537,"06/12/21","06/12/21","NO APLICA","NO APLICA"
46493538,"06/12/21","06/12/21","NO APLICA","NO APLICA"
46493539,"06/12/21","06/12/21","NO APLICA","NO APLICA"
46493540,"06/12/21","06/12/21","NO APLICA","NO APLICA"
46493616,"06/12/21","06/12/21","NO APLICA","NO APLICA"
46493617,"06/12/21","06/12/21","NO APLICA","NO APLICA"
46493618,"06/12/21","06/12/21","NO APLICA","NO APLICA"
46493619,"06/12/21","06/12/21","NO APLICA","NO APLICA"
46493620,"06/12/21","06/12/21","NO APLICA","NO APLICA"
46493696,"06/12/21","06/12/21","NO APLICA","NO APLICA"
46493697,"06/12/21","06/12/21","NO APLICA","NO APLICA"
46493698,"06/12/21","06/12/21","NO APLICA","NO APLICA"
46493699,"06/12/21","06/12/21","NO APLICA","NO APLICA"
46493700,"06/12/21","06/12/21","NO APLICA","NO APLICA"
46493776,"06/12/21","06/12/21","NO APLICA","NO APLICA"
46493777,"06/12/21","06/12/21","NO APLICA","NO APLICA"
46493778,"06/12/21","06/12/21","NO APLICA","NO APLICA"
46493779,"06/12/21","06/12/21","NO APLICA","NO APLICA"
46493780,"06/12/21","06/12/21","NO APLICA","NO APLICA"
46493856,"06/12/21","06/12/21","NO APLICA","NO APLICA"
46493857,"06/12/21","06/12/21","NO APLICA","NO APLICA"
46493858,"06/12/21","06/12/21","NO APLICA","NO APLICA"
46493859,"06/12/21","06/12/21","NO APLICA","NO APLICA"
46493860,"06/12/21","06/12/21","NO APLICA","NO APLICA"
46493936,"06/12/21","06/12/21","NO APLICA","NO APLICA"
46493937,"06/12/21","06/12/21","NO APLICA","NO APLICA"
46493938,"06/12/21","06/12/21","NO APLICA","NO APLICA"
46493939,"06/12/21","06/12/21","NO APLICA","NO APLICA"
46493940,"06/12/21","06/12/21","NO APLICA","NO APLICA"
46492601,"06/12/21","06/12/21","NO APLICA","NO APLICA"
46492602,"06/12/21","06/12/21","NO APLICA","NO APLICA"
46492603,"06/12/21","06/12/21","NO APLICA","NO APLICA"
46492604,"06/12/21","06/12/21","NO APLICA","NO APLICA"
46492605,"06/12/21","06/12/21","NO APLICA","NO APLICA"
46492681,"06/12/21","06/12/21","NO APLICA","NO APLICA"
46492682,"06/12/21","06/12/21","NO APLICA","NO APLICA"
46492683,"06/12/21","06/12/21","NO APLICA","NO APLICA"
46492684,"06/12/21","06/12/21","NO APLICA","NO APLICA"
46492685,"06/12/21","06/12/21","NO APLICA","NO APLICA"
46492761,"06/12/21","06/12/21","NO APLICA","NO APLICA"
46492762,"06/12/21","06/12/21","NO APLICA","NO APLICA"
46492763,"06/12/21","06/12/21","NO APLICA","NO APLICA"
46492764,"06/12/21","06/12/21","NO APLICA","NO APLICA"
46492765,"06/12/21","06/12/21","NO APLICA","NO APLICA"
46492841,"06/12/21","06/12/21","NO APLICA","NO APLICA"
46492842,"06/12/21","06/12/21","NO APLICA","NO APLICA"
46492843,"06/12/21","06/12/21","NO APLICA","NO APLICA"
46492844,"06/12/21","06/12/21","NO APLICA","NO APLICA"
46492845,"06/12/21","06/12/21","NO APLICA","NO APLICA"
46492921,"06/12/21","06/12/21","NO APLICA","NO APLICA"
46492927,"06/12/21","06/12/21","NO APLICA","NO APLICA"
46492928,"06/12/21","06/12/21","NO APLICA","NO APLICA"
46492929,"06/12/21","06/12/21","NO APLICA","NO APLICA"
46492930,"06/12/21","06/12/21","NO APLICA","NO APLICA"
46492931,"06/12/21","06/12/21","NO APLICA","NO APLICA"
46492962,"06/12/21","06/12/21","NO APLICA","NO APLICA"
46492963,"06/12/21","06/12/21","NO APLICA","NO APLICA"
46492964,"06/12/21","06/12/21","NO APLICA","NO APLICA"
46492965,"06/12/21","06/12/21","NO APLICA","NO APLICA"
46492966,"06/12/21","06/12/21","NO APLICA","NO APLICA"
46493005,"06/12/21","06/12/21","NO APLICA","NO APLICA"
46493006,"06/12/21","06/12/21","NO APLICA","NO APLICA"
46493007,"06/12/21","06/12/21","NO APLICA","NO APLICA"
46493008,"06/12/21","06/12/21","NO APLICA","NO APLICA"
46493009,"06/12/21","06/12/21","NO APLICA","NO APLICA"
46493054,"06/12/21","06/12/21","NO APLICA","NO APLICA"
46493055,"06/12/21","06/12/21","NO APLICA","NO APLICA"
46493056,"06/12/21","06/12/21","NO APLICA","NO APLICA"
46493057,"06/12/21","06/12/21","NO APLICA","NO APLICA"
46493058,"06/12/21","06/12/21","NO APLICA","NO APLICA"
46493109,"06/12/21","06/12/21","NO APLICA","NO APLICA"
46493110,"06/12/21","06/12/21","NO APLICA","NO APLICA"
46493111,"06/12/21","06/12/21","NO APLICA","NO APLICA"
46493112,"06/12/21","06/12/21","NO APLICA","NO APLICA"
46493113,"06/12/21","06/12/21","NO APLICA","NO APLICA"
46493169,"06/12/21","06/12/21","NO APLICA","NO APLICA"
46493170,"06/12/21","06/12/21","NO APLICA","NO APLICA"
46493171,"06/12/21","06/12/21","NO APLICA","NO APLICA"
46493172,"06/12/21","06/12/21","NO APLICA","NO APLICA"
46493173,"06/12/21","06/12/21","NO APLICA","NO APLICA"
46493233,"06/12/21","06/12/21","NO APLICA","NO APLICA"
46493234,"06/12/21","06/12/21","NO APLICA","NO APLICA"
46493235,"06/12/21","06/12/21","NO APLICA","NO APLICA"
46493236,"06/12/21","06/12/21","NO APLICA","NO APLICA"
46493237,"06/12/21","06/12/21","NO APLICA","NO APLICA"
46493303,"06/12/21","06/12/21","NO APLICA","NO APLICA"
46493304,"06/12/21","06/12/21","NO APLICA","NO APLICA"
46493305,"06/12/21","06/12/21","NO APLICA","NO APLICA"
46493306,"06/12/21","06/12/21","NO APLICA","NO APLICA"
46493307,"06/12/21","06/12/21","NO APLICA","NO APLICA"
46493381,"06/12/21","06/12/21","NO APLICA","NO APLICA"
46493382,"06/12/21","06/12/21","NO APLICA","NO APLICA"
46493383,"06/12/21","06/12/21","NO APLICA","NO APLICA"
46493384,"06/12/21","06/12/21","NO APLICA","NO APLICA"
46493385,"06/12/21","06/12/21","NO APLICA","NO APLICA"
46493461,"06/12/21","06/12/21","NO APLICA","NO APLICA"
46493462,"06/12/21","06/12/21","NO APLICA","NO APLICA"
46493463,"06/12/21","06/12/21","NO APLICA","NO APLICA"
46493464,"06/12/21","06/12/21","NO APLICA","NO APLICA"
46493465,"06/12/21","06/12/21","NO APLICA","NO APLICA"
46493541,"06/12/21","06/12/21","NO APLICA","NO APLICA"
46493542,"06/12/21","06/12/21","NO APLICA","NO APLICA"
46493543,"06/12/21","06/12/21","NO APLICA","NO APLICA"
46493544,"06/12/21","06/12/21","NO APLICA","NO APLICA"
46493545,"06/12/21","06/12/21","NO APLICA","NO APLICA"
46493621,"06/12/21","06/12/21","NO APLICA","NO APLICA"
46493622,"06/12/21","06/12/21","NO APLICA","NO APLICA"
46493623,"06/12/21","06/12/21","NO APLICA","NO APLICA"
46493624,"06/12/21","06/12/21","NO APLICA","NO APLICA"
46493625,"06/12/21","06/12/21","NO APLICA","NO APLICA"
46493701,"06/12/21","06/12/21","NO APLICA","NO APLICA"
46493702,"06/12/21","06/12/21","NO APLICA","NO APLICA"
46493703,"06/12/21","06/12/21","NO APLICA","NO APLICA"
46493704,"06/12/21","06/12/21","NO APLICA","NO APLICA"
46493705,"06/12/21","06/12/21","NO APLICA","NO APLICA"
46493781,"06/12/21","06/12/21","NO APLICA","NO APLICA"
46493782,"06/12/21","06/12/21","NO APLICA","NO APLICA"
46493783,"06/12/21","06/12/21","NO APLICA","NO APLICA"
46493784,"06/12/21","06/12/21","NO APLICA","NO APLICA"
46493785,"06/12/21","06/12/21","NO APLICA","NO APLICA"
46493861,"06/12/21","06/12/21","NO APLICA","NO APLICA"
46493862,"06/12/21","06/12/21","NO APLICA","NO APLICA"
46493863,"06/12/21","06/12/21","NO APLICA","NO APLICA"
46493864,"06/12/21","06/12/21","NO APLICA","NO APLICA"
46493865,"06/12/21","06/12/21","NO APLICA","NO APLICA"
46493941,"06/12/21","06/12/21","NO APLICA","NO APLICA"
46493942,"06/12/21","06/12/21","NO APLICA","NO APLICA"
46493943,"06/12/21","06/12/21","NO APLICA","NO APLICA"
46493944,"06/12/21","06/12/21","NO APLICA","NO APLICA"
46493945,"06/12/21","06/12/21","NO APLICA","NO APLICA"
46494015,"06/12/21","06/12/21","NO APLICA","NO APLICA"
46494016,"06/12/21","06/12/21","NO APLICA","NO APLICA"
46494017,"06/12/21","06/12/21","NO APLICA","NO APLICA"
46494018,"06/12/21","06/12/21","NO APLICA","NO APLICA"
46494019,"06/12/21","06/12/21","NO APLICA","NO APLICA"
46492606,"06/12/21","06/12/21","NO APLICA","NO APLICA"
46492607,"06/12/21","06/12/21","NO APLICA","NO APLICA"
46492608,"06/12/21","06/12/21","NO APLICA","NO APLICA"
46492609,"06/12/21","06/12/21","NO APLICA","NO APLICA"
46492610,"06/12/21","06/12/21","NO APLICA","NO APLICA"
46492686,"06/12/21","06/12/21","NO APLICA","NO APLICA"
46492687,"06/12/21","06/12/21","NO APLICA","NO APLICA"
46492688,"06/12/21","06/12/21","NO APLICA","NO APLICA"
46492689,"06/12/21","06/12/21","NO APLICA","NO APLICA"
46492690,"06/12/21","06/12/21","NO APLICA","NO APLICA"
46492766,"06/12/21","06/12/21","NO APLICA","NO APLICA"
46492767,"06/12/21","06/12/21","NO APLICA","NO APLICA"
46492768,"06/12/21","06/12/21","NO APLICA","NO APLICA"
46492769,"06/12/21","06/12/21","NO APLICA","NO APLICA"
46492770,"06/12/21","06/12/21","NO APLICA","NO APLICA"
46492846,"06/12/21","06/12/21","NO APLICA","NO APLICA"
46492847,"06/12/21","06/12/21","NO APLICA","NO APLICA"
46492848,"06/12/21","06/12/21","NO APLICA","NO APLICA"
46492849,"06/12/21","06/12/21","NO APLICA","NO APLICA"
46492850,"06/12/21","06/12/21","NO APLICA","NO APLICA"
46492932,"06/12/21","06/12/21","NO APLICA","NO APLICA"
46492933,"06/12/21","06/12/21","NO APLICA","NO APLICA"
46492934,"06/12/21","06/12/21","NO APLICA","NO APLICA"
46492935,"06/12/21","06/12/21","NO APLICA","NO APLICA"
46492936,"06/12/21","06/12/21","NO APLICA","NO APLICA"
46492967,"06/12/21","06/12/21","NO APLICA","NO APLICA"
46492968,"06/12/21","06/12/21","NO APLICA","NO APLICA"
46492969,"06/12/21","06/12/21","NO APLICA","NO APLICA"
46492970,"06/12/21","06/12/21","NO APLICA","NO APLICA"
46492971,"06/12/21","06/12/21","NO APLICA","NO APLICA"
46493010,"06/12/21","06/12/21","NO APLICA","NO APLICA"
46493011,"06/12/21","06/12/21","NO APLICA","NO APLICA"
46493012,"06/12/21","06/12/21","NO APLICA","NO APLICA"
46493013,"06/12/21","06/12/21","NO APLICA","NO APLICA"
46493014,"06/12/21","06/12/21","NO APLICA","NO APLICA"
46493059,"06/12/21","06/12/21","NO APLICA","NO APLICA"
46493060,"06/12/21","06/12/21","NO APLICA","NO APLICA"
46493061,"06/12/21","06/12/21","NO APLICA","NO APLICA"
46493062,"06/12/21","06/12/21","NO APLICA","NO APLICA"
46493063,"06/12/21","06/12/21","NO APLICA","NO APLICA"
46493114,"06/12/21","06/12/21","NO APLICA","NO APLICA"
46493115,"06/12/21","06/12/21","NO APLICA","NO APLICA"
46493116,"06/12/21","06/12/21","NO APLICA","NO APLICA"
46493117,"06/12/21","06/12/21","NO APLICA","NO APLICA"
46493118,"06/12/21","06/12/21","NO APLICA","NO APLICA"
46493174,"06/12/21","06/12/21","NO APLICA","NO APLICA"
46493175,"06/12/21","06/12/21","NO APLICA","NO APLICA"
46493176,"06/12/21","06/12/21","NO APLICA","NO APLICA"
46493177,"06/12/21","06/12/21","NO APLICA","NO APLICA"
46493178,"06/12/21","06/12/21","NO APLICA","NO APLICA"
46493238,"06/12/21","06/12/21","NO APLICA","NO APLICA"
46493239,"06/12/21","06/12/21","NO APLICA","NO APLICA"
46493240,"06/12/21","06/12/21","NO APLICA","NO APLICA"
46493241,"06/12/21","06/12/21","NO APLICA","NO APLICA"
46493242,"06/12/21","06/12/21","NO APLICA","NO APLICA"
46493308,"06/12/21","06/12/21","NO APLICA","NO APLICA"
46493309,"06/12/21","06/12/21","NO APLICA","NO APLICA"
46493310,"06/12/21","06/12/21","NO APLICA","NO APLICA"
46493311,"06/12/21","06/12/21","NO APLICA","NO APLICA"
46493312,"06/12/21","06/12/21","NO APLICA","NO APLICA"
46493386,"06/12/21","06/12/21","NO APLICA","NO APLICA"
46493387,"06/12/21","06/12/21","NO APLICA","NO APLICA"
46493388,"06/12/21","06/12/21","NO APLICA","NO APLICA"
46493389,"06/12/21","06/12/21","NO APLICA","NO APLICA"
46493390,"06/12/21","06/12/21","NO APLICA","NO APLICA"
46493466,"06/12/21","06/12/21","NO APLICA","NO APLICA"
46493467,"06/12/21","06/12/21","NO APLICA","NO APLICA"
46493468,"06/12/21","06/12/21","NO APLICA","NO APLICA"
46493469,"06/12/21","06/12/21","NO APLICA","NO APLICA"
46493470,"06/12/21","06/12/21","NO APLICA","NO APLICA"
46493546,"06/12/21","06/12/21","NO APLICA","NO APLICA"
46493547,"06/12/21","06/12/21","NO APLICA","NO APLICA"
46493548,"06/12/21","06/12/21","NO APLICA","NO APLICA"
46493549,"06/12/21","06/12/21","NO APLICA","NO APLICA"
46493550,"06/12/21","06/12/21","NO APLICA","NO APLICA"
46493626,"06/12/21","06/12/21","NO APLICA","NO APLICA"
46493627,"06/12/21","06/12/21","NO APLICA","NO APLICA"
46493628,"06/12/21","06/12/21","NO APLICA","NO APLICA"
46493629,"06/12/21","06/12/21","NO APLICA","NO APLICA"
46493630,"06/12/21","06/12/21","NO APLICA","NO APLICA"
46493706,"06/12/21","06/12/21","NO APLICA","NO APLICA"
46493707,"06/12/21","06/12/21","NO APLICA","NO APLICA"
46493708,"06/12/21","06/12/21","NO APLICA","NO APLICA"
46493709,"06/12/21","06/12/21","NO APLICA","NO APLICA"
46493710,"06/12/21","06/12/21","NO APLICA","NO APLICA"
46493786,"06/12/21","06/12/21","NO APLICA","NO APLICA"
46493787,"06/12/21","06/12/21","NO APLICA","NO APLICA"
46493788,"06/12/21","06/12/21","NO APLICA","NO APLICA"
46493789,"06/12/21","06/12/21","NO APLICA","NO APLICA"
46493790,"06/12/21","06/12/21","NO APLICA","NO APLICA"
46493866,"06/12/21","06/12/21","NO APLICA","NO APLICA"
46493867,"06/12/21","06/12/21","NO APLICA","NO APLICA"
46493868,"06/12/21","06/12/21","NO APLICA","NO APLICA"
46493869,"06/12/21","06/12/21","NO APLICA","NO APLICA"
46493870,"06/12/21","06/12/21","NO APLICA","NO APLICA"
46493946,"06/12/21","06/12/21","NO APLICA","NO APLICA"
46493947,"06/12/21","06/12/21","NO APLICA","NO APLICA"
46493948,"06/12/21","06/12/21","NO APLICA","NO APLICA"
46493949,"06/12/21","06/12/21","NO APLICA","NO APLICA"
46493950,"06/12/21","06/12/21","NO APLICA","NO APLICA"
46494020,"06/12/21","06/12/21","NO APLICA","NO APLICA"
46494021,"06/12/21","06/12/21","NO APLICA","NO APLICA"
46494022,"06/12/21","06/12/21","NO APLICA","NO APLICA"
46494023,"06/12/21","06/12/21","NO APLICA","NO APLICA"
46494024,"06/12/21","06/12/21","NO APLICA","NO APLICA"
46494090,"06/12/21","06/12/21","NO APLICA","NO APLICA"
46494091,"06/12/21","06/12/21","NO APLICA","NO APLICA"
46494092,"06/12/21","06/12/21","NO APLICA","NO APLICA"
46494093,"06/12/21","06/12/21","NO APLICA","NO APLICA"
46494094,"06/12/21","06/12/21","NO APLICA","NO APLICA"
46492611,"06/12/21","06/12/21","NO APLICA","NO APLICA"
46492612,"06/12/21","06/12/21","NO APLICA","NO APLICA"
46492613,"06/12/21","06/12/21","NO APLICA","NO APLICA"
46492614,"06/12/21","06/12/21","NO APLICA","NO APLICA"
46492615,"06/12/21","06/12/21","NO APLICA","NO APLICA"
46492691,"06/12/21","06/12/21","NO APLICA","NO APLICA"
46492692,"06/12/21","06/12/21","NO APLICA","NO APLICA"
46492693,"06/12/21","06/12/21","NO APLICA","NO APLICA"
46492694,"06/12/21","06/12/21","NO APLICA","NO APLICA"
46492695,"06/12/21","06/12/21","NO APLICA","NO APLICA"
46492771,"06/12/21","06/12/21","NO APLICA","NO APLICA"
46492772,"06/12/21","06/12/21","NO APLICA","NO APLICA"
46492773,"06/12/21","06/12/21","NO APLICA","NO APLICA"
46492774,"06/12/21","06/12/21","NO APLICA","NO APLICA"
46492775,"06/12/21","06/12/21","NO APLICA","NO APLICA"
46492851,"06/12/21","06/12/21","NO APLICA","NO APLICA"
46492852,"06/12/21","06/12/21","NO APLICA","NO APLICA"
46492853,"06/12/21","06/12/21","NO APLICA","NO APLICA"
46492854,"06/12/21","06/12/21","NO APLICA","NO APLICA"
46492855,"06/12/21","06/12/21","NO APLICA","NO APLICA"
46492937,"06/12/21","06/12/21","NO APLICA","NO APLICA"
46492938,"06/12/21","06/12/21","NO APLICA","NO APLICA"
46492939,"06/12/21","06/12/21","NO APLICA","NO APLICA"
46492940,"06/12/21","06/12/21","NO APLICA","NO APLICA"
46492941,"06/12/21","06/12/21","NO APLICA","NO APLICA"
46492972,"06/12/21","06/12/21","NO APLICA","NO APLICA"
46492973,"06/12/21","06/12/21","NO APLICA","NO APLICA"
46492974,"06/12/21","06/12/21","NO APLICA","NO APLICA"
46492975,"06/12/21","06/12/21","NO APLICA","NO APLICA"
46492976,"06/12/21","06/12/21","NO APLICA","NO APLICA"
46493015,"06/12/21","06/12/21","NO APLICA","NO APLICA"
46493016,"06/12/21","06/12/21","NO APLICA","NO APLICA"
46493017,"06/12/21","06/12/21","NO APLICA","NO APLICA"
46493018,"06/12/21","06/12/21","NO APLICA","NO APLICA"
46493019,"06/12/21","06/12/21","NO APLICA","NO APLICA"
46493064,"06/12/21","06/12/21","NO APLICA","NO APLICA"
46493065,"06/12/21","06/12/21","NO APLICA","NO APLICA"
46493066,"06/12/21","06/12/21","NO APLICA","NO APLICA"
46493067,"06/12/21","06/12/21","NO APLICA","NO APLICA"
46493068,"06/12/21","06/12/21","NO APLICA","NO APLICA"
46493119,"06/12/21","06/12/21","NO APLICA","NO APLICA"
46493120,"06/12/21","06/12/21","NO APLICA","NO APLICA"
46493121,"06/12/21","06/12/21","NO APLICA","NO APLICA"
46493122,"06/12/21","06/12/21","NO APLICA","NO APLICA"
46493123,"06/12/21","06/12/21","NO APLICA","NO APLICA"
46493179,"06/12/21","06/12/21","NO APLICA","NO APLICA"
46493180,"06/12/21","06/12/21","NO APLICA","NO APLICA"
46493181,"06/12/21","06/12/21","NO APLICA","NO APLICA"
46493182,"06/12/21","06/12/21","NO APLICA","NO APLICA"
46493183,"06/12/21","06/12/21","NO APLICA","NO APLICA"
46493243,"06/12/21","06/12/21","NO APLICA","NO APLICA"
46493244,"06/12/21","06/12/21","NO APLICA","NO APLICA"
46493245,"06/12/21","06/12/21","NO APLICA","NO APLICA"
46493246,"06/12/21","06/12/21","NO APLICA","NO APLICA"
46493247,"06/12/21","06/12/21","NO APLICA","NO APLICA"
46493313,"06/12/21","06/12/21","NO APLICA","NO APLICA"
46493314,"06/12/21","06/12/21","NO APLICA","NO APLICA"
46493315,"06/12/21","06/12/21","NO APLICA","NO APLICA"
46493316,"06/12/21","06/12/21","NO APLICA","NO APLICA"
46493317,"06/12/21","06/12/21","NO APLICA","NO APLICA"
46493391,"06/12/21","06/12/21","NO APLICA","NO APLICA"
46493392,"06/12/21","06/12/21","NO APLICA","NO APLICA"
46493393,"06/12/21","06/12/21","NO APLICA","NO APLICA"
46493394,"06/12/21","06/12/21","NO APLICA","NO APLICA"
46493395,"06/12/21","06/12/21","NO APLICA","NO APLICA"
46493471,"06/12/21","06/12/21","NO APLICA","NO APLICA"
46493472,"06/12/21","06/12/21","NO APLICA","NO APLICA"
46493473,"06/12/21","06/12/21","NO APLICA","NO APLICA"
46493474,"06/12/21","06/12/21","NO APLICA","NO APLICA"
46493475,"06/12/21","06/12/21","NO APLICA","NO APLICA"
46493551,"06/12/21","06/12/21","NO APLICA","NO APLICA"
46493552,"06/12/21","06/12/21","NO APLICA","NO APLICA"
46493553,"06/12/21","06/12/21","NO APLICA","NO APLICA"
46493554,"06/12/21","06/12/21","NO APLICA","NO APLICA"
46493555,"06/12/21","06/12/21","NO APLICA","NO APLICA"
46493631,"06/12/21","06/12/21","NO APLICA","NO APLICA"
46493632,"06/12/21","06/12/21","NO APLICA","NO APLICA"
46493633,"06/12/21","06/12/21","NO APLICA","NO APLICA"
46493634,"06/12/21","06/12/21","NO APLICA","NO APLICA"
46493635,"06/12/21","06/12/21","NO APLICA","NO APLICA"
46493711,"06/12/21","06/12/21","NO APLICA","NO APLICA"
46493712,"06/12/21","06/12/21","NO APLICA","NO APLICA"
46493713,"06/12/21","06/12/21","NO APLICA","NO APLICA"
46493714,"06/12/21","06/12/21","NO APLICA","NO APLICA"
46493715,"06/12/21","06/12/21","NO APLICA","NO APLICA"
46493791,"06/12/21","06/12/21","NO APLICA","NO APLICA"
46493792,"06/12/21","06/12/21","NO APLICA","NO APLICA"
46493793,"06/12/21","06/12/21","NO APLICA","NO APLICA"
46493794,"06/12/21","06/12/21","NO APLICA","NO APLICA"
46493795,"06/12/21","06/12/21","NO APLICA","NO APLICA"
46493871,"06/12/21","06/12/21","NO APLICA","NO APLICA"
46493872,"06/12/21","06/12/21","NO APLICA","NO APLICA"
46493873,"06/12/21","06/12/21","NO APLICA","NO APLICA"
46493874,"06/12/21","06/12/21","NO APLICA","NO APLICA"
46493875,"06/12/21","06/12/21","NO APLICA","NO APLICA"
46493951,"06/12/21","06/12/21","NO APLICA","NO APLICA"
46493952,"06/12/21","06/12/21","NO APLICA","NO APLICA"
46493953,"06/12/21","06/12/21","NO APLICA","NO APLICA"
46493954,"06/12/21","06/12/21","NO APLICA","NO APLICA"
46493955,"06/12/21","06/12/21","NO APLICA","NO APLICA"
46494025,"06/12/21","06/12/21","NO APLICA","NO APLICA"
46494026,"06/12/21","06/12/21","NO APLICA","NO APLICA"
46494027,"06/12/21","06/12/21","NO APLICA","NO APLICA"
46494028,"06/12/21","06/12/21","NO APLICA","NO APLICA"
46494029,"06/12/21","06/12/21","NO APLICA","NO APLICA"
46494095,"06/12/21","06/12/21","NO APLICA","NO APLICA"
46494096,"06/12/21","06/12/21","NO APLICA","NO APLICA"
46494097,"06/12/21","06/12/21","NO APLICA","NO APLICA"
46494098,"06/12/21","06/12/21","NO APLICA","NO APLICA"
46494099,"06/12/21","06/12/21","NO APLICA","NO APLICA"
46494160,"06/12/21","06/12/21","NO APLICA","NO APLICA"
46494161,"06/12/21","06/12/21","NO APLICA","NO APLICA"
46494162,"06/12/21","06/12/21","NO APLICA","NO APLICA"
46494163,"06/12/21","06/12/21","NO APLICA","NO APLICA"
46494164,"06/12/21","06/12/21","NO APLICA","NO APLICA"
46492616,"06/12/21","06/12/21","NO APLICA","NO APLICA"
46492617,"06/12/21","06/12/21","NO APLICA","NO APLICA"
46492618,"06/12/21","06/12/21","NO APLICA","NO APLICA"
46492619,"06/12/21","06/12/21","NO APLICA","NO APLICA"
46492620,"06/12/21","06/12/21","NO APLICA","NO APLICA"
46492696,"06/12/21","06/12/21","NO APLICA","NO APLICA"
46492697,"06/12/21","06/12/21","NO APLICA","NO APLICA"
46492698,"06/12/21","06/12/21","NO APLICA","NO APLICA"
46492699,"06/12/21","06/12/21","NO APLICA","NO APLICA"
46492700,"06/12/21","06/12/21","NO APLICA","NO APLICA"
46492776,"06/12/21","06/12/21","NO APLICA","NO APLICA"
46492777,"06/12/21","06/12/21","NO APLICA","NO APLICA"
46492778,"06/12/21","06/12/21","NO APLICA","NO APLICA"
46492779,"06/12/21","06/12/21","NO APLICA","NO APLICA"
46492780,"06/12/21","06/12/21","NO APLICA","NO APLICA"
46492856,"06/12/21","06/12/21","NO APLICA","NO APLICA"
46492857,"06/12/21","06/12/21","NO APLICA","NO APLICA"
46492858,"06/12/21","06/12/21","NO APLICA","NO APLICA"
46492859,"06/12/21","06/12/21","NO APLICA","NO APLICA"
46492860,"06/12/21","06/12/21","NO APLICA","NO APLICA"
46492942,"06/12/21","06/12/21","NO APLICA","NO APLICA"
46492943,"06/12/21","06/12/21","NO APLICA","NO APLICA"
46492944,"06/12/21","06/12/21","NO APLICA","NO APLICA"
46492945,"06/12/21","06/12/21","NO APLICA","NO APLICA"
46492946,"06/12/21","06/12/21","NO APLICA","NO APLICA"
46492977,"06/12/21","06/12/21","NO APLICA","NO APLICA"
46492978,"06/12/21","06/12/21","NO APLICA","NO APLICA"
46492979,"06/12/21","06/12/21","NO APLICA","NO APLICA"
46492980,"06/12/21","06/12/21","NO APLICA","NO APLICA"
46492981,"06/12/21","06/12/21","NO APLICA","NO APLICA"
46493020,"06/12/21","06/12/21","NO APLICA","NO APLICA"
46493021,"06/12/21","06/12/21","NO APLICA","NO APLICA"
46493022,"06/12/21","06/12/21","NO APLICA","NO APLICA"
46493023,"06/12/21","06/12/21","NO APLICA","NO APLICA"
46493069,"06/12/21","06/12/21","NO APLICA","NO APLICA"
46493070,"06/12/21","06/12/21","NO APLICA","NO APLICA"
46493071,"06/12/21","06/12/21","NO APLICA","NO APLICA"
46493072,"06/12/21","06/12/21","NO APLICA","NO APLICA"
46493073,"06/12/21","06/12/21","NO APLICA","NO APLICA"
46493124,"06/12/21","06/12/21","NO APLICA","NO APLICA"
46493125,"06/12/21","06/12/21","NO APLICA","NO APLICA"
46493126,"06/12/21","06/12/21","NO APLICA","NO APLICA"
46493127,"06/12/21","06/12/21","NO APLICA","NO APLICA"
46493128,"06/12/21","06/12/21","NO APLICA","NO APLICA"
46493184,"06/12/21","06/12/21","NO APLICA","NO APLICA"
46493185,"06/12/21","06/12/21","NO APLICA","NO APLICA"
46493186,"06/12/21","06/12/21","NO APLICA","NO APLICA"
46493187,"06/12/21","06/12/21","NO APLICA","NO APLICA"
46493188,"06/12/21","06/12/21","NO APLICA","NO APLICA"
46493248,"06/12/21","06/12/21","NO APLICA","NO APLICA"
46493249,"06/12/21","06/12/21","NO APLICA","NO APLICA"
46493250,"06/12/21","06/12/21","NO APLICA","NO APLICA"
46493251,"06/12/21","06/12/21","NO APLICA","NO APLICA"
46493252,"06/12/21","06/12/21","NO APLICA","NO APLICA"
46493318,"06/12/21","06/12/21","NO APLICA","NO APLICA"
46493319,"06/12/21","06/12/21","NO APLICA","NO APLICA"
46493320,"06/12/21","06/12/21","NO APLICA","NO APLICA"
46493321,"06/12/21","06/12/21","NO APLICA","NO APLICA"
46493322,"06/12/21","06/12/21","NO APLICA","NO APLICA"
46493396,"06/12/21","06/12/21","NO APLICA","NO APLICA"
46493397,"06/12/21","06/12/21","NO APLICA","NO APLICA"
46493398,"06/12/21","06/12/21","NO APLICA","NO APLICA"
46493399,"06/12/21","06/12/21","NO APLICA","NO APLICA"
46493400,"06/12/21","06/12/21","NO APLICA","NO APLICA"
46493476,"06/12/21","06/12/21","NO APLICA","NO APLICA"
46493477,"06/12/21","06/12/21","NO APLICA","NO APLICA"
46493478,"06/12/21","06/12/21","NO APLICA","NO APLICA"
46493479,"06/12/21","06/12/21","NO APLICA","NO APLICA"
46493480,"06/12/21","06/12/21","NO APLICA","NO APLICA"
46493556,"06/12/21","06/12/21","NO APLICA","NO APLICA"
46493557,"06/12/21","06/12/21","NO APLICA","NO APLICA"
46493558,"06/12/21","06/12/21","NO APLICA","NO APLICA"
46493559,"06/12/21","06/12/21","NO APLICA","NO APLICA"
46493560,"06/12/21","06/12/21","NO APLICA","NO APLICA"
46493636,"06/12/21","06/12/21","NO APLICA","NO APLICA"
46493637,"06/12/21","06/12/21","NO APLICA","NO APLICA"
46493638,"06/12/21","06/12/21","NO APLICA","NO APLICA"
46493639,"06/12/21","06/12/21","NO APLICA","NO APLICA"
46493640,"06/12/21","06/12/21","NO APLICA","NO APLICA"
46493716,"06/12/21","06/12/21","NO APLICA","NO APLICA"
46493717,"06/12/21","06/12/21","NO APLICA","NO APLICA"
46493718,"06/12/21","06/12/21","NO APLICA","NO APLICA"
46493719,"06/12/21","06/12/21","NO APLICA","NO APLICA"
46493720,"06/12/21","06/12/21","NO APLICA","NO APLICA"
46493796,"06/12/21","06/12/21","NO APLICA","NO APLICA"
46493797,"06/12/21","06/12/21","NO APLICA","NO APLICA"
46493798,"06/12/21","06/12/21","NO APLICA","NO APLICA"
46493799,"06/12/21","06/12/21","NO APLICA","NO APLICA"
46493800,"06/12/21","06/12/21","NO APLICA","NO APLICA"
46493876,"06/12/21","06/12/21","NO APLICA","NO APLICA"
46493877,"06/12/21","06/12/21","NO APLICA","NO APLICA"
46493878,"06/12/21","06/12/21","NO APLICA","NO APLICA"
46493879,"06/12/21","06/12/21","NO APLICA","NO APLICA"
46493880,"06/12/21","06/12/21","NO APLICA","NO APLICA"
46493956,"06/12/21","06/12/21","NO APLICA","NO APLICA"
46493957,"06/12/21","06/12/21","NO APLICA","NO APLICA"
46493958,"06/12/21","06/12/21","NO APLICA","NO APLICA"
46493959,"06/12/21","06/12/21","NO APLICA","NO APLICA"
46493960,"06/12/21","06/12/21","NO APLICA","NO APLICA"
46494030,"06/12/21","06/12/21","NO APLICA","NO APLICA"
46494031,"06/12/21","06/12/21","NO APLICA","NO APLICA"
46494032,"06/12/21","06/12/21","NO APLICA","NO APLICA"
46494033,"06/12/21","06/12/21","NO APLICA","NO APLICA"
46494034,"06/12/21","06/12/21","NO APLICA","NO APLICA"
46494100,"06/12/21","06/12/21","NO APLICA","NO APLICA"
46494101,"06/12/21","06/12/21","NO APLICA","NO APLICA"
46494102,"06/12/21","06/12/21","NO APLICA","NO APLICA"
46494103,"06/12/21","06/12/21","NO APLICA","NO APLICA"
46494104,"06/12/21","06/12/21","NO APLICA","NO APLICA"
46494165,"06/12/21","06/12/21","NO APLICA","NO APLICA"
46494166,"06/12/21","06/12/21","NO APLICA","NO APLICA"
46494167,"06/12/21","06/12/21","NO APLICA","NO APLICA"
46494168,"06/12/21","06/12/21","NO APLICA","NO APLICA"
46494169,"06/12/21","06/12/21","NO APLICA","NO APLICA"
46492621,"06/12/21","06/12/21","NO APLICA","NO APLICA"
46492622,"06/12/21","06/12/21","NO APLICA","NO APLICA"
46492623,"06/12/21","06/12/21","NO APLICA","NO APLICA"
46492624,"06/12/21","06/12/21","NO APLICA","NO APLICA"
46492625,"06/12/21","06/12/21","NO APLICA","NO APLICA"
46492701,"06/12/21","06/12/21","NO APLICA","NO APLICA"
46492702,"06/12/21","06/12/21","NO APLICA","NO APLICA"
46492703,"06/12/21","06/12/21","NO APLICA","NO APLICA"
46492704,"06/12/21","06/12/21","NO APLICA","NO APLICA"
46492705,"06/12/21","06/12/21","NO APLICA","NO APLICA"
46492781,"06/12/21","06/12/21","NO APLICA","NO APLICA"
46492782,"06/12/21","06/12/21","NO APLICA","NO APLICA"
46492783,"06/12/21","06/12/21","NO APLICA","NO APLICA"
46492784,"06/12/21","06/12/21","NO APLICA","NO APLICA"
46492785,"06/12/21","06/12/21","NO APLICA","NO APLICA"
46492861,"06/12/21","06/12/21","NO APLICA","NO APLICA"
46492862,"06/12/21","06/12/21","NO APLICA","NO APLICA"
46492863,"06/12/21","06/12/21","NO APLICA","NO APLICA"
46492864,"06/12/21","06/12/21","NO APLICA","NO APLICA"
46492865,"06/12/21","06/12/21","NO APLICA","NO APLICA"
46492947,"06/12/21","06/12/21","NO APLICA","NO APLICA"
46492948,"06/12/21","06/12/21","NO APLICA","NO APLICA"
46492949,"06/12/21","06/12/21","NO APLICA","NO APLICA"
46492950,"06/12/21","06/12/21","NO APLICA","NO APLICA"
46492951,"06/12/21","06/12/21","NO APLICA","NO APLICA"
46492982,"06/12/21","06/12/21","NO APLICA","NO APLICA"
46492983,"06/12/21","06/12/21","NO APLICA","NO APLICA"
46492984,"06/12/21","06/12/21","NO APLICA","NO APLICA"
46492985,"06/12/21","06/12/21","NO APLICA","NO APLICA"
46492986,"06/12/21","06/12/21","NO APLICA","NO APLICA"
46493024,"06/12/21","06/12/21","NO APLICA","NO APLICA"
46493025,"06/12/21","06/12/21","NO APLICA","NO APLICA"
46493026,"06/12/21","06/12/21","NO APLICA","NO APLICA"
46493027,"06/12/21","06/12/21","NO APLICA","NO APLICA"
46493028,"06/12/21","06/12/21","NO APLICA","NO APLICA"
46493074,"06/12/21","06/12/21","NO APLICA","NO APLICA"
46493075,"06/12/21","06/12/21","NO APLICA","NO APLICA"
46493076,"06/12/21","06/12/21","NO APLICA","NO APLICA"
46493077,"06/12/21","06/12/21","NO APLICA","NO APLICA"
46493078,"06/12/21","06/12/21","NO APLICA","NO APLICA"
46493129,"06/12/21","06/12/21","NO APLICA","NO APLICA"
46493130,"06/12/21","06/12/21","NO APLICA","NO APLICA"
46493131,"06/12/21","06/12/21","NO APLICA","NO APLICA"
46493132,"06/12/21","06/12/21","NO APLICA","NO APLICA"
46493133,"06/12/21","06/12/21","NO APLICA","NO APLICA"
46493189,"06/12/21","06/12/21","NO APLICA","NO APLICA"
46493190,"06/12/21","06/12/21","NO APLICA","NO APLICA"
46493191,"06/12/21","06/12/21","NO APLICA","NO APLICA"
46493192,"06/12/21","06/12/21","NO APLICA","NO APLICA"
46493193,"06/12/21","06/12/21","NO APLICA","NO APLICA"
46493253,"06/12/21","06/12/21","NO APLICA","NO APLICA"
46493254,"06/12/21","06/12/21","NO APLICA","NO APLICA"
46493255,"06/12/21","06/12/21","NO APLICA","NO APLICA"
46493256,"06/12/21","06/12/21","NO APLICA","NO APLICA"
46493257,"06/12/21","06/12/21","NO APLICA","NO APLICA"
46493323,"06/12/21","06/12/21","NO APLICA","NO APLICA"
46493324,"06/12/21","06/12/21","NO APLICA","NO APLICA"
46493325,"06/12/21","06/12/21","NO APLICA","NO APLICA"
46493326,"06/12/21","06/12/21","NO APLICA","NO APLICA"
46493327,"06/12/21","06/12/21","NO APLICA","NO APLICA"
46493401,"06/12/21","06/12/21","NO APLICA","NO APLICA"
46493402,"06/12/21","06/12/21","NO APLICA","NO APLICA"
46493403,"06/12/21","06/12/21","NO APLICA","NO APLICA"
46493404,"06/12/21","06/12/21","NO APLICA","NO APLICA"
46493405,"06/12/21","06/12/21","NO APLICA","NO APLICA"
46493481,"06/12/21","06/12/21","NO APLICA","NO APLICA"
46493482,"06/12/21","06/12/21","NO APLICA","NO APLICA"
46493483,"06/12/21","06/12/21","NO APLICA","NO APLICA"
46493484,"06/12/21","06/12/21","NO APLICA","NO APLICA"
46493485,"06/12/21","06/12/21","NO APLICA","NO APLICA"
46493561,"06/12/21","06/12/21","NO APLICA","NO APLICA"
46493562,"06/12/21","06/12/21","NO APLICA","NO APLICA"
46493563,"06/12/21","06/12/21","NO APLICA","NO APLICA"
46493564,"06/12/21","06/12/21","NO APLICA","NO APLICA"
46493565,"06/12/21","06/12/21","NO APLICA","NO APLICA"
46493641,"06/12/21","06/12/21","NO APLICA","NO APLICA"
46493642,"06/12/21","06/12/21","NO APLICA","NO APLICA"
46493643,"06/12/21","06/12/21","NO APLICA","NO APLICA"
46493644,"06/12/21","06/12/21","NO APLICA","NO APLICA"
46493645,"06/12/21","06/12/21","NO APLICA","NO APLICA"
46493721,"06/12/21","06/12/21","NO APLICA","NO APLICA"
46493722,"06/12/21","06/12/21","NO APLICA","NO APLICA"
46493723,"06/12/21","06/12/21","NO APLICA","NO APLICA"
46493724,"06/12/21","06/12/21","NO APLICA","NO APLICA"
46493725,"06/12/21","06/12/21","NO APLICA","NO APLICA"
46493801,"06/12/21","06/12/21","NO APLICA","NO APLICA"
46493802,"06/12/21","06/12/21","NO APLICA","NO APLICA"
46493803,"06/12/21","06/12/21","NO APLICA","NO APLICA"
46493804,"06/12/21","06/12/21","NO APLICA","NO APLICA"
46493805,"06/12/21","06/12/21","NO APLICA","NO APLICA"
46493881,"06/12/21","06/12/21","NO APLICA","NO APLICA"
46493882,"06/12/21","06/12/21","NO APLICA","NO APLICA"
46493883,"06/12/21","06/12/21","NO APLICA","NO APLICA"
46493884,"06/12/21","06/12/21","NO APLICA","NO APLICA"
46493885,"06/12/21","06/12/21","NO APLICA","NO APLICA"
46493961,"06/12/21","06/12/21","NO APLICA","NO APLICA"
46493962,"06/12/21","06/12/21","NO APLICA","NO APLICA"
46493963,"06/12/21","06/12/21","NO APLICA","NO APLICA"
46493964,"06/12/21","06/12/21","NO APLICA","NO APLICA"
46493965,"06/12/21","06/12/21","NO APLICA","NO APLICA"
46494035,"06/12/21","06/12/21","NO APLICA","NO APLICA"
46494036,"06/12/21","06/12/21","NO APLICA","NO APLICA"
46494037,"06/12/21","06/12/21","NO APLICA","NO APLICA"
46494038,"06/12/21","06/12/21","NO APLICA","NO APLICA"
46494039,"06/12/21","06/12/21","NO APLICA","NO APLICA"
46494105,"06/12/21","06/12/21","NO APLICA","NO APLICA"
46494106,"06/12/21","06/12/21","NO APLICA","NO APLICA"
46494107,"06/12/21","06/12/21","NO APLICA","NO APLICA"
46494108,"06/12/21","06/12/21","NO APLICA","NO APLICA"
46494109,"06/12/21","06/12/21","NO APLICA","NO APLICA"
46494170,"06/12/21","06/12/21","NO APLICA","NO APLICA"
46494171,"06/12/21","06/12/21","NO APLICA","NO APLICA"
46494172,"06/12/21","06/12/21","NO APLICA","NO APLICA"
46494173,"06/12/21","06/12/21","NO APLICA","NO APLICA"
46494174,"06/12/21","06/12/21","NO APLICA","NO APLICA"
46492549,"06/12/21","06/12/21","NO APLICA","NO APLICA"
46492550,"06/12/21","06/12/21","NO APLICA","NO APLICA"
46492551,"06/12/21","06/12/21","NO APLICA","NO APLICA"
46492626,"06/12/21","06/12/21","NO APLICA","NO APLICA"
46492627,"06/12/21","06/12/21","NO APLICA","NO APLICA"
46492628,"06/12/21","06/12/21","NO APLICA","NO APLICA"
46492629,"06/12/21","06/12/21","NO APLICA","NO APLICA"
46492630,"06/12/21","06/12/21","NO APLICA","NO APLICA"
46492706,"06/12/21","06/12/21","NO APLICA","NO APLICA"
46492707,"06/12/21","06/12/21","NO APLICA","NO APLICA"
46492708,"06/12/21","06/12/21","NO APLICA","NO APLICA"
46492709,"06/12/21","06/12/21","NO APLICA","NO APLICA"
46492710,"06/12/21","06/12/21","NO APLICA","NO APLICA"
46492786,"06/12/21","06/12/21","NO APLICA","NO APLICA"
46492787,"06/12/21","06/12/21","NO APLICA","NO APLICA"
46492788,"06/12/21","06/12/21","NO APLICA","NO APLICA"
46492789,"06/12/21","06/12/21","NO APLICA","NO APLICA"
46492790,"06/12/21","06/12/21","NO APLICA","NO APLICA"
46492866,"06/12/21","06/12/21","NO APLICA","NO APLICA"
46492867,"06/12/21","06/12/21","NO APLICA","NO APLICA"
46492868,"06/12/21","06/12/21","NO APLICA","NO APLICA"
46492869,"06/12/21","06/12/21","NO APLICA","NO APLICA"
46492870,"06/12/21","06/12/21","NO APLICA","NO APLICA"
46492952,"06/12/21","06/12/21","NO APLICA","NO APLICA"
46492953,"06/12/21","06/12/21","NO APLICA","NO APLICA"
46492954,"06/12/21","06/12/21","NO APLICA","NO APLICA"
46492955,"06/12/21","06/12/21","NO APLICA","NO APLICA"
46492956,"06/12/21","06/12/21","NO APLICA","NO APLICA"
46492987,"06/12/21","06/12/21","NO APLICA","NO APLICA"
46492988,"06/12/21","06/12/21","NO APLICA","NO APLICA"
46492989,"06/12/21","06/12/21","NO APLICA","NO APLICA"
46492990,"06/12/21","06/12/21","NO APLICA","NO APLICA"
46492991,"06/12/21","06/12/21","NO APLICA","NO APLICA"
46493029,"06/12/21","06/12/21","NO APLICA","NO APLICA"
46493030,"06/12/21","06/12/21","NO APLICA","NO APLICA"
46493031,"06/12/21","06/12/21","NO APLICA","NO APLICA"
46493032,"06/12/21","06/12/21","NO APLICA","NO APLICA"
46493033,"06/12/21","06/12/21","NO APLICA","NO APLICA"
46493079,"06/12/21","06/12/21","NO APLICA","NO APLICA"
46493080,"06/12/21","06/12/21","NO APLICA","NO APLICA"
46493081,"06/12/21","06/12/21","NO APLICA","NO APLICA"
46493082,"06/12/21","06/12/21","NO APLICA","NO APLICA"
46493083,"06/12/21","06/12/21","NO APLICA","NO APLICA"
46493134,"06/12/21","06/12/21","NO APLICA","NO APLICA"
46493135,"06/12/21","06/12/21","NO APLICA","NO APLICA"
46493136,"06/12/21","06/12/21","NO APLICA","NO APLICA"
46493137,"06/12/21","06/12/21","NO APLICA","NO APLICA"
46493138,"06/12/21","06/12/21","NO APLICA","NO APLICA"
46493194,"06/12/21","06/12/21","NO APLICA","NO APLICA"
46493195,"06/12/21","06/12/21","NO APLICA","NO APLICA"
46493196,"06/12/21","06/12/21","NO APLICA","NO APLICA"
46493197,"06/12/21","06/12/21","NO APLICA","NO APLICA"
46493198,"06/12/21","06/12/21","NO APLICA","NO APLICA"
46493258,"06/12/21","06/12/21","NO APLICA","NO APLICA"
46493259,"06/12/21","06/12/21","NO APLICA","NO APLICA"
46493260,"06/12/21","06/12/21","NO APLICA","NO APLICA"
46493261,"06/12/21","06/12/21","NO APLICA","NO APLICA"
46493262,"06/12/21","06/12/21","NO APLICA","NO APLICA"
46493328,"06/12/21","06/12/21","NO APLICA","NO APLICA"
46493329,"06/12/21","06/12/21","NO APLICA","NO APLICA"
46493330,"06/12/21","06/12/21","NO APLICA","NO APLICA"
46493331,"06/12/21","06/12/21","NO APLICA","NO APLICA"
46493332,"06/12/21","06/12/21","NO APLICA","NO APLICA"
46493406,"06/12/21","06/12/21","NO APLICA","NO APLICA"
46493407,"06/12/21","06/12/21","NO APLICA","NO APLICA"
46493408,"06/12/21","06/12/21","NO APLICA","NO APLICA"
46493409,"06/12/21","06/12/21","NO APLICA","NO APLICA"
46493410,"06/12/21","06/12/21","NO APLICA","NO APLICA"
46493486,"06/12/21","06/12/21","NO APLICA","NO APLICA"
46493487,"06/12/21","06/12/21","NO APLICA","NO APLICA"
46493488,"06/12/21","06/12/21","NO APLICA","NO APLICA"
46493489,"06/12/21","06/12/21","NO APLICA","NO APLICA"
46493490,"06/12/21","06/12/21","NO APLICA","NO APLICA"
46493566,"06/12/21","06/12/21","NO APLICA","NO APLICA"
46493567,"06/12/21","06/12/21","NO APLICA","NO APLICA"
46493568,"06/12/21","06/12/21","NO APLICA","NO APLICA"
46493569,"06/12/21","06/12/21","NO APLICA","NO APLICA"
46493570,"06/12/21","06/12/21","NO APLICA","NO APLICA"
46493646,"06/12/21","06/12/21","NO APLICA","NO APLICA"
46493647,"06/12/21","06/12/21","NO APLICA","NO APLICA"
46493648,"06/12/21","06/12/21","NO APLICA","NO APLICA"
46493649,"06/12/21","06/12/21","NO APLICA","NO APLICA"
46493650,"06/12/21","06/12/21","NO APLICA","NO APLICA"
46493726,"06/12/21","06/12/21","NO APLICA","NO APLICA"
46493727,"06/12/21","06/12/21","NO APLICA","NO APLICA"
46493728,"06/12/21","06/12/21","NO APLICA","NO APLICA"
46493729,"06/12/21","06/12/21","NO APLICA","NO APLICA"
46493730,"06/12/21","06/12/21","NO APLICA","NO APLICA"
46493806,"06/12/21","06/12/21","NO APLICA","NO APLICA"
46493807,"06/12/21","06/12/21","NO APLICA","NO APLICA"
46493808,"06/12/21","06/12/21","NO APLICA","NO APLICA"
46493809,"06/12/21","06/12/21","NO APLICA","NO APLICA"
46493810,"06/12/21","06/12/21","NO APLICA","NO APLICA"
46493886,"06/12/21","06/12/21","NO APLICA","NO APLICA"
46493887,"06/12/21","06/12/21","NO APLICA","NO APLICA"
46493888,"06/12/21","06/12/21","NO APLICA","NO APLICA"
46493889,"06/12/21","06/12/21","NO APLICA","NO APLICA"
46493890,"06/12/21","06/12/21","NO APLICA","NO APLICA"
46493966,"06/12/21","06/12/21","NO APLICA","NO APLICA"
46493967,"06/12/21","06/12/21","NO APLICA","NO APLICA"
46493968,"06/12/21","06/12/21","NO APLICA","NO APLICA"
46493969,"06/12/21","06/12/21","NO APLICA","NO APLICA"
46493970,"06/12/21","06/12/21","NO APLICA","NO APLICA"
46494040,"06/12/21","06/12/21","NO APLICA","NO APLICA"
46494041,"06/12/21","06/12/21","NO APLICA","NO APLICA"
46494042,"06/12/21","06/12/21","NO APLICA","NO APLICA"
46494043,"06/12/21","06/12/21","NO APLICA","NO APLICA"
46494044,"06/12/21","06/12/21","NO APLICA","NO APLICA"
46494110,"06/12/21","06/12/21","NO APLICA","NO APLICA"
46494111,"06/12/21","06/12/21","NO APLICA","NO APLICA"
46494112,"06/12/21","06/12/21","NO APLICA","NO APLICA"
46494113,"06/12/21","06/12/21","NO APLICA","NO APLICA"
46494114,"06/12/21","06/12/21","NO APLICA","NO APLICA"
46494175,"06/12/21","06/12/21","NO APLICA","NO APLICA"
46494176,"06/12/21","06/12/21","NO APLICA","NO APLICA"
46494177,"06/12/21","06/12/21","NO APLICA","NO APLICA"
46494178,"06/12/21","06/12/21","NO APLICA","NO APLICA"
46494179,"06/12/21","06/12/21","NO APLICA","NO APLICA"
46492552,"06/12/21","06/12/21","NO APLICA","NO APLICA"
46492553,"06/12/21","06/12/21","NO APLICA","NO APLICA"
46492554,"06/12/21","06/12/21","NO APLICA","NO APLICA"
46492555,"06/12/21","06/12/21","NO APLICA","NO APLICA"
46492631,"06/12/21","06/12/21","NO APLICA","NO APLICA"
46492632,"06/12/21","06/12/21","NO APLICA","NO APLICA"
46492633,"06/12/21","06/12/21","NO APLICA","NO APLICA"
46492634,"06/12/21","06/12/21","NO APLICA","NO APLICA"
46492635,"06/12/21","06/12/21","NO APLICA","NO APLICA"
46492711,"06/12/21","06/12/21","NO APLICA","NO APLICA"
46492712,"06/12/21","06/12/21","NO APLICA","NO APLICA"
46492713,"06/12/21","06/12/21","NO APLICA","NO APLICA"
46492714,"06/12/21","06/12/21","NO APLICA","NO APLICA"
46492715,"06/12/21","06/12/21","NO APLICA","NO APLICA"
46492791,"06/12/21","06/12/21","NO APLICA","NO APLICA"
46492792,"06/12/21","06/12/21","NO APLICA","NO APLICA"
46492793,"06/12/21","06/12/21","NO APLICA","NO APLICA"
46492794,"06/12/21","06/12/21","NO APLICA","NO APLICA"
46492795,"06/12/21","06/12/21","NO APLICA","NO APLICA"
46492871,"06/12/21","06/12/21","NO APLICA","NO APLICA"
46492872,"06/12/21","06/12/21","NO APLICA","NO APLICA"
46492873,"06/12/21","06/12/21","NO APLICA","NO APLICA"
46492874,"06/12/21","06/12/21","NO APLICA","NO APLICA"
46492875,"06/12/21","06/12/21","NO APLICA","NO APLICA"
46492992,"06/12/21","06/12/21","NO APLICA","NO APLICA"
46492993,"06/12/21","06/12/21","NO APLICA","NO APLICA"
46492994,"06/12/21","06/12/21","NO APLICA","NO APLICA"
46492995,"06/12/21","06/12/21","NO APLICA","NO APLICA"
46492996,"06/12/21","06/12/21","NO APLICA","NO APLICA"
46493034,"06/12/21","06/12/21","NO APLICA","NO APLICA"
46493035,"06/12/21","06/12/21","NO APLICA","NO APLICA"
46493036,"06/12/21","06/12/21","NO APLICA","NO APLICA"
46493037,"06/12/21","06/12/21","NO APLICA","NO APLICA"
46493038,"06/12/21","06/12/21","NO APLICA","NO APLICA"
46493084,"06/12/21","06/12/21","NO APLICA","NO APLICA"
46493085,"06/12/21","06/12/21","NO APLICA","NO APLICA"
46493086,"06/12/21","06/12/21","NO APLICA","NO APLICA"
46493087,"06/12/21","06/12/21","NO APLICA","NO APLICA"
46493088,"06/12/21","06/12/21","NO APLICA","NO APLICA"
46493139,"06/12/21","06/12/21","NO APLICA","NO APLICA"
46493140,"06/12/21","06/12/21","NO APLICA","NO APLICA"
46493141,"06/12/21","06/12/21","NO APLICA","NO APLICA"
46493142,"06/12/21","06/12/21","NO APLICA","NO APLICA"
46493143,"06/12/21","06/12/21","NO APLICA","NO APLICA"
46493199,"06/12/21","06/12/21","NO APLICA","NO APLICA"
46493200,"06/12/21","06/12/21","NO APLICA","NO APLICA"
46493201,"06/12/21","06/12/21","NO APLICA","NO APLICA"
46493202,"06/12/21","06/12/21","NO APLICA","NO APLICA"
46493263,"06/12/21","06/12/21","NO APLICA","NO APLICA"
46493264,"06/12/21","06/12/21","NO APLICA","NO APLICA"
46493265,"06/12/21","06/12/21","NO APLICA","NO APLICA"
46493266,"06/12/21","06/12/21","NO APLICA","NO APLICA"
46493267,"06/12/21","06/12/21","NO APLICA","NO APLICA"
46493333,"06/12/21","06/12/21","NO APLICA","NO APLICA"
46493334,"06/12/21","06/12/21","NO APLICA","NO APLICA"
46493335,"06/12/21","06/12/21","NO APLICA","NO APLICA"
46493336,"06/12/21","06/12/21","NO APLICA","NO APLICA"
46493337,"06/12/21","06/12/21","NO APLICA","NO APLICA"
46493411,"06/12/21","06/12/21","NO APLICA","NO APLICA"
46493412,"06/12/21","06/12/21","NO APLICA","NO APLICA"
46493413,"06/12/21","06/12/21","NO APLICA","NO APLICA"
46493414,"06/12/21","06/12/21","NO APLICA","NO APLICA"
46493415,"06/12/21","06/12/21","NO APLICA","NO APLICA"
46493491,"06/12/21","06/12/21","NO APLICA","NO APLICA"
46493492,"06/12/21","06/12/21","NO APLICA","NO APLICA"
46493493,"06/12/21","06/12/21","NO APLICA","NO APLICA"
46493494,"06/12/21","06/12/21","NO APLICA","NO APLICA"
46493495,"06/12/21","06/12/21","NO APLICA","NO APLICA"
46493571,"06/12/21","06/12/21","NO APLICA","NO APLICA"
46493572,"06/12/21","06/12/21","NO APLICA","NO APLICA"
46493573,"06/12/21","06/12/21","NO APLICA","NO APLICA"
46493574,"06/12/21","06/12/21","NO APLICA","NO APLICA"
46493575,"06/12/21","06/12/21","NO APLICA","NO APLICA"
46493651,"06/12/21","06/12/21","NO APLICA","NO APLICA"
46493652,"06/12/21","06/12/21","NO APLICA","NO APLICA"
46493653,"06/12/21","06/12/21","NO APLICA","NO APLICA"
46493654,"06/12/21","06/12/21","NO APLICA","NO APLICA"
46493655,"06/12/21","06/12/21","NO APLICA","NO APLICA"
46493731,"06/12/21","06/12/21","NO APLICA","NO APLICA"
46493732,"06/12/21","06/12/21","NO APLICA","NO APLICA"
46493733,"06/12/21","06/12/21","NO APLICA","NO APLICA"
46493734,"06/12/21","06/12/21","NO APLICA","NO APLICA"
46493735,"06/12/21","06/12/21","NO APLICA","NO APLICA"
46493811,"06/12/21","06/12/21","NO APLICA","NO APLICA"
46493812,"06/12/21","06/12/21","NO APLICA","NO APLICA"
46493813,"06/12/21","06/12/21","NO APLICA","NO APLICA"
46493814,"06/12/21","06/12/21","NO APLICA","NO APLICA"
46493815,"06/12/21","06/12/21","NO APLICA","NO APLICA"
46493891,"06/12/21","06/12/21","NO APLICA","NO APLICA"
46493892,"06/12/21","06/12/21","NO APLICA","NO APLICA"
46493893,"06/12/21","06/12/21","NO APLICA","NO APLICA"
46493894,"06/12/21","06/12/21","NO APLICA","NO APLICA"
46493895,"06/12/21","06/12/21","NO APLICA","NO APLICA"
46493971,"06/12/21","06/12/21","NO APLICA","NO APLICA"
46493972,"06/12/21","06/12/21","NO APLICA","NO APLICA"
46493973,"06/12/21","06/12/21","NO APLICA","NO APLICA"
46493974,"06/12/21","06/12/21","NO APLICA","NO APLICA"
46493975,"06/12/21","06/12/21","NO APLICA","NO APLICA"
46494045,"06/12/21","06/12/21","NO APLICA","NO APLICA"
46494046,"06/12/21","06/12/21","NO APLICA","NO APLICA"
46494047,"06/12/21","06/12/21","NO APLICA","NO APLICA"
46494048,"06/12/21","06/12/21","NO APLICA","NO APLICA"
46494049,"06/12/21","06/12/21","NO APLICA","NO APLICA"
46494115,"06/12/21","06/12/21","NO APLICA","NO APLICA"
46494116,"06/12/21","06/12/21","NO APLICA","NO APLICA"
46494117,"06/12/21","06/12/21","NO APLICA","NO APLICA"
46494118,"06/12/21","06/12/21","NO APLICA","NO APLICA"
46494119,"06/12/21","06/12/21","NO APLICA","NO APLICA"
46494180,"06/12/21","06/12/21","NO APLICA","NO APLICA"
46494181,"06/12/21","06/12/21","NO APLICA","NO APLICA"
46494182,"06/12/21","06/12/21","NO APLICA","NO APLICA"
46494183,"06/12/21","06/12/21","NO APLICA","NO APLICA"
46494184,"06/12/21","06/12/21","NO APLICA","NO APLICA"
46492556,"06/12/21","06/12/21","NO APLICA","NO APLICA"
46492557,"06/12/21","06/12/21","NO APLICA","NO APLICA"
46492558,"06/12/21","06/12/21","NO APLICA","NO APLICA"
46492559,"06/12/21","06/12/21","NO APLICA","NO APLICA"
46492560,"06/12/21","06/12/21","NO APLICA","NO APLICA"
46492636,"06/12/21","06/12/21","NO APLICA","NO APLICA"
46492637,"06/12/21","06/12/21","NO APLICA","NO APLICA"
46492638,"06/12/21","06/12/21","NO APLICA","NO APLICA"
46492639,"06/12/21","06/12/21","NO APLICA","NO APLICA"
46492640,"06/12/21","06/12/21","NO APLICA","NO APLICA"
46492716,"06/12/21","06/12/21","NO APLICA","NO APLICA"
46492717,"06/12/21","06/12/21","NO APLICA","NO APLICA"
46492718,"06/12/21","06/12/21","NO APLICA","NO APLICA"
46492719,"06/12/21","06/12/21","NO APLICA","NO APLICA"
46492720,"06/12/21","06/12/21","NO APLICA","NO APLICA"
46492796,"06/12/21","06/12/21","NO APLICA","NO APLICA"
46492797,"06/12/21","06/12/21","NO APLICA","NO APLICA"
46492798,"06/12/21","06/12/21","NO APLICA","NO APLICA"
46492799,"06/12/21","06/12/21","NO APLICA","NO APLICA"
46492800,"06/12/21","06/12/21","NO APLICA","NO APLICA"
46492876,"06/12/21","06/12/21","NO APLICA","NO APLICA"
46492877,"06/12/21","06/12/21","NO APLICA","NO APLICA"
46492878,"06/12/21","06/12/21","NO APLICA","NO APLICA"
46492879,"06/12/21","06/12/21","NO APLICA","NO APLICA"
46492880,"06/12/21","06/12/21","NO APLICA","NO APLICA"
46492997,"06/12/21","06/12/21","NO APLICA","NO APLICA"
46492998,"06/12/21","06/12/21","NO APLICA","NO APLICA"
46492999,"06/12/21","06/12/21","NO APLICA","NO APLICA"
46493039,"06/12/21","06/12/21","NO APLICA","NO APLICA"
46493040,"06/12/21","06/12/21","NO APLICA","NO APLICA"
46493041,"06/12/21","06/12/21","NO APLICA","NO APLICA"
46493042,"06/12/21","06/12/21","NO APLICA","NO APLICA"
46493043,"06/12/21","06/12/21","NO APLICA","NO APLICA"
46493089,"06/12/21","06/12/21","NO APLICA","NO APLICA"
46493090,"06/12/21","06/12/21","NO APLICA","NO APLICA"
46493091,"06/12/21","06/12/21","NO APLICA","NO APLICA"
46493092,"06/12/21","06/12/21","NO APLICA","NO APLICA"
46493093,"06/12/21","06/12/21","NO APLICA","NO APLICA"
46493144,"06/12/21","06/12/21","NO APLICA","NO APLICA"
46493145,"06/12/21","06/12/21","NO APLICA","NO APLICA"
46493146,"06/12/21","06/12/21","NO APLICA","NO APLICA"
46493147,"06/12/21","06/12/21","NO APLICA","NO APLICA"
46493148,"06/12/21","06/12/21","NO APLICA","NO APLICA"
46493203,"06/12/21","06/12/21","NO APLICA","NO APLICA"
46493204,"06/12/21","06/12/21","NO APLICA","NO APLICA"
46493205,"06/12/21","06/12/21","NO APLICA","NO APLICA"
46493206,"06/12/21","06/12/21","NO APLICA","NO APLICA"
46493207,"06/12/21","06/12/21","NO APLICA","NO APLICA"
46493268,"06/12/21","06/12/21","NO APLICA","NO APLICA"
46493269,"06/12/21","06/12/21","NO APLICA","NO APLICA"
46493270,"06/12/21","06/12/21","NO APLICA","NO APLICA"
46493271,"06/12/21","06/12/21","NO APLICA","NO APLICA"
46493272,"06/12/21","06/12/21","NO APLICA","NO APLICA"
46493338,"06/12/21","06/12/21","NO APLICA","NO APLICA"
46493339,"06/12/21","06/12/21","NO APLICA","NO APLICA"
46493340,"06/12/21","06/12/21","NO APLICA","NO APLICA"
46493341,"06/12/21","06/12/21","NO APLICA","NO APLICA"
46493342,"06/12/21","06/12/21","NO APLICA","NO APLICA"
46493416,"06/12/21","06/12/21","NO APLICA","NO APLICA"
46493417,"06/12/21","06/12/21","NO APLICA","NO APLICA"
46493418,"06/12/21","06/12/21","NO APLICA","NO APLICA"
46493419,"06/12/21","06/12/21","NO APLICA","NO APLICA"
46493420,"06/12/21","06/12/21","NO APLICA","NO APLICA"
46493496,"06/12/21","06/12/21","NO APLICA","NO APLICA"
46493497,"06/12/21","06/12/21","NO APLICA","NO APLICA"
46493498,"06/12/21","06/12/21","NO APLICA","NO APLICA"
46493499,"06/12/21","06/12/21","NO APLICA","NO APLICA"
46493500,"06/12/21","06/12/21","NO APLICA","NO APLICA"
46493576,"06/12/21","06/12/21","NO APLICA","NO APLICA"
46493577,"06/12/21","06/12/21","NO APLICA","NO APLICA"
46493578,"06/12/21","06/12/21","NO APLICA","NO APLICA"
46493579,"06/12/21","06/12/21","NO APLICA","NO APLICA"
46493580,"06/12/21","06/12/21","NO APLICA","NO APLICA"
46493656,"06/12/21","06/12/21","NO APLICA","NO APLICA"
46493657,"06/12/21","06/12/21","NO APLICA","NO APLICA"
46493658,"06/12/21","06/12/21","NO APLICA","NO APLICA"
46493659,"06/12/21","06/12/21","NO APLICA","NO APLICA"
46493660,"06/12/21","06/12/21","NO APLICA","NO APLICA"
46493736,"06/12/21","06/12/21","NO APLICA","NO APLICA"
46493737,"06/12/21","06/12/21","NO APLICA","NO APLICA"
46493738,"06/12/21","06/12/21","NO APLICA","NO APLICA"
46493739,"06/12/21","06/12/21","NO APLICA","NO APLICA"
46493740,"06/12/21","06/12/21","NO APLICA","NO APLICA"
46493816,"06/12/21","06/12/21","NO APLICA","NO APLICA"
46493817,"06/12/21","06/12/21","NO APLICA","NO APLICA"
46493818,"06/12/21","06/12/21","NO APLICA","NO APLICA"
46493819,"06/12/21","06/12/21","NO APLICA","NO APLICA"
46493820,"06/12/21","06/12/21","NO APLICA","NO APLICA"
46493896,"06/12/21","06/12/21","NO APLICA","NO APLICA"
46493897,"06/12/21","06/12/21","NO APLICA","NO APLICA"
46493898,"06/12/21","06/12/21","NO APLICA","NO APLICA"
46493899,"06/12/21","06/12/21","NO APLICA","NO APLICA"
46493900,"06/12/21","06/12/21","NO APLICA","NO APLICA"
46493976,"06/12/21","06/12/21","NO APLICA","NO APLICA"
46493977,"06/12/21","06/12/21","NO APLICA","NO APLICA"
46493978,"06/12/21","06/12/21","NO APLICA","NO APLICA"
46493979,"06/12/21","06/12/21","NO APLICA","NO APLICA"
46493980,"06/12/21","06/12/21","NO APLICA","NO APLICA"
46494050,"06/12/21","06/12/21","NO APLICA","NO APLICA"
46494051,"06/12/21","06/12/21","NO APLICA","NO APLICA"
46494052,"06/12/21","06/12/21","NO APLICA","NO APLICA"
46494053,"06/12/21","06/12/21","NO APLICA","NO APLICA"
46494054,"06/12/21","06/12/21","NO APLICA","NO APLICA"
46494120,"06/12/21","06/12/21","NO APLICA","NO APLICA"
46494121,"06/12/21","06/12/21","NO APLICA","NO APLICA"
46494122,"06/12/21","06/12/21","NO APLICA","NO APLICA"
46494123,"06/12/21","06/12/21","NO APLICA","NO APLICA"
46494124,"06/12/21","06/12/21","NO APLICA","NO APLICA"
46494185,"06/12/21","06/12/21","NO APLICA","NO APLICA"
46494186,"06/12/21","06/12/21","NO APLICA","NO APLICA"
46494187,"06/12/21","06/12/21","NO APLICA","NO APLICA"
46494188,"06/12/21","06/12/21","NO APLICA","NO APLICA"
46494189,"06/12/21","06/12/21","NO APLICA","NO APLICA"
46492561,"06/12/21","06/12/21","NO APLICA","NO APLICA"
46492562,"06/12/21","06/12/21","NO APLICA","NO APLICA"
46492563,"06/12/21","06/12/21","NO APLICA","NO APLICA"
46492564,"06/12/21","06/12/21","NO APLICA","NO APLICA"
46492565,"06/12/21","06/12/21","NO APLICA","NO APLICA"
46492641,"06/12/21","06/12/21","NO APLICA","NO APLICA"
46492642,"06/12/21","06/12/21","NO APLICA","NO APLICA"
46492643,"06/12/21","06/12/21","NO APLICA","NO APLICA"
46492644,"06/12/21","06/12/21","NO APLICA","NO APLICA"
46492645,"06/12/21","06/12/21","NO APLICA","NO APLICA"
46492721,"06/12/21","06/12/21","NO APLICA","NO APLICA"
46492722,"06/12/21","06/12/21","NO APLICA","NO APLICA"
46492723,"06/12/21","06/12/21","NO APLICA","NO APLICA"
46492724,"06/12/21","06/12/21","NO APLICA","NO APLICA"
46492725,"06/12/21","06/12/21","NO APLICA","NO APLICA"
46492801,"06/12/21","06/12/21","NO APLICA","NO APLICA"
46492802,"06/12/21","06/12/21","NO APLICA","NO APLICA"
46492803,"06/12/21","06/12/21","NO APLICA","NO APLICA"
46492804,"06/12/21","06/12/21","NO APLICA","NO APLICA"
46492805,"06/12/21","06/12/21","NO APLICA","NO APLICA"
46492881,"06/12/21","06/12/21","NO APLICA","NO APLICA"
46492882,"06/12/21","06/12/21","NO APLICA","NO APLICA"
46492883,"06/12/21","06/12/21","NO APLICA","NO APLICA"
46492884,"06/12/21","06/12/21","NO APLICA","NO APLICA"
46492885,"06/12/21","06/12/21","NO APLICA","NO APLICA"
46493044,"06/12/21","06/12/21","NO APLICA","NO APLICA"
46493045,"06/12/21","06/12/21","NO APLICA","NO APLICA"
46493046,"06/12/21","06/12/21","NO APLICA","NO APLICA"
46493047,"06/12/21","06/12/21","NO APLICA","NO APLICA"
46493048,"06/12/21","06/12/21","NO APLICA","NO APLICA"
46493094,"06/12/21","06/12/21","NO APLICA","NO APLICA"
46493095,"06/12/21","06/12/21","NO APLICA","NO APLICA"
46493096,"06/12/21","06/12/21","NO APLICA","NO APLICA"
46493097,"06/12/21","06/12/21","NO APLICA","NO APLICA"
46493098,"06/12/21","06/12/21","NO APLICA","NO APLICA"
46493149,"06/12/21","06/12/21","NO APLICA","NO APLICA"
46493150,"06/12/21","06/12/21","NO APLICA","NO APLICA"
46493151,"06/12/21","06/12/21","NO APLICA","NO APLICA"
46493152,"06/12/21","06/12/21","NO APLICA","NO APLICA"
46493153,"06/12/21","06/12/21","NO APLICA","NO APLICA"
46493208,"06/12/21","06/12/21","NO APLICA","NO APLICA"
46493209,"06/12/21","06/12/21","NO APLICA","NO APLICA"
46493210,"06/12/21","06/12/21","NO APLICA","NO APLICA"
46493211,"06/12/21","06/12/21","NO APLICA","NO APLICA"
46493212,"06/12/21","06/12/21","NO APLICA","NO APLICA"
46493273,"06/12/21","06/12/21","NO APLICA","NO APLICA"
46493274,"06/12/21","06/12/21","NO APLICA","NO APLICA"
46493275,"06/12/21","06/12/21","NO APLICA","NO APLICA"
46493276,"06/12/21","06/12/21","NO APLICA","NO APLICA"
46493277,"06/12/21","06/12/21","NO APLICA","NO APLICA"
46493343,"06/12/21","06/12/21","NO APLICA","NO APLICA"
46493344,"06/12/21","06/12/21","NO APLICA","NO APLICA"
46493345,"06/12/21","06/12/21","NO APLICA","NO APLICA"
46493346,"06/12/21","06/12/21","NO APLICA","NO APLICA"
46493347,"06/12/21","06/12/21","NO APLICA","NO APLICA"
46493421,"06/12/21","06/12/21","NO APLICA","NO APLICA"
46493422,"06/12/21","06/12/21","NO APLICA","NO APLICA"
46493423,"06/12/21","06/12/21","NO APLICA","NO APLICA"
46493424,"06/12/21","06/12/21","NO APLICA","NO APLICA"
46493425,"06/12/21","06/12/21","NO APLICA","NO APLICA"
46493501,"06/12/21","06/12/21","NO APLICA","NO APLICA"
46493502,"06/12/21","06/12/21","NO APLICA","NO APLICA"
46493503,"06/12/21","06/12/21","NO APLICA","NO APLICA"
46493504,"06/12/21","06/12/21","NO APLICA","NO APLICA"
46493505,"06/12/21","06/12/21","NO APLICA","NO APLICA"
46493581,"06/12/21","06/12/21","NO APLICA","NO APLICA"
46493582,"06/12/21","06/12/21","NO APLICA","NO APLICA"
46493583,"06/12/21","06/12/21","NO APLICA","NO APLICA"
46493584,"06/12/21","06/12/21","NO APLICA","NO APLICA"
46493585,"06/12/21","06/12/21","NO APLICA","NO APLICA"
46493661,"06/12/21","06/12/21","NO APLICA","NO APLICA"
46493662,"06/12/21","06/12/21","NO APLICA","NO APLICA"
46493663,"06/12/21","06/12/21","NO APLICA","NO APLICA"
46493664,"06/12/21","06/12/21","NO APLICA","NO APLICA"
46493665,"06/12/21","06/12/21","NO APLICA","NO APLICA"
46493741,"06/12/21","06/12/21","NO APLICA","NO APLICA"
46493742,"06/12/21","06/12/21","NO APLICA","NO APLICA"
46493743,"06/12/21","06/12/21","NO APLICA","NO APLICA"
46493744,"06/12/21","06/12/21","NO APLICA","NO APLICA"
46493745,"06/12/21","06/12/21","NO APLICA","NO APLICA"
46493821,"06/12/21","06/12/21","NO APLICA","NO APLICA"
46493822,"06/12/21","06/12/21","NO APLICA","NO APLICA"
46493823,"06/12/21","06/12/21","NO APLICA","NO APLICA"
46493824,"06/12/21","06/12/21","NO APLICA","NO APLICA"
46493825,"06/12/21","06/12/21","NO APLICA","NO APLICA"
46493901,"06/12/21","06/12/21","NO APLICA","NO APLICA"
46493902,"06/12/21","06/12/21","NO APLICA","NO APLICA"
46493903,"06/12/21","06/12/21","NO APLICA","NO APLICA"
46493904,"06/12/21","06/12/21","NO APLICA","NO APLICA"
46493905,"06/12/21","06/12/21","NO APLICA","NO APLICA"
46493981,"06/12/21","06/12/21","NO APLICA","NO APLICA"
46493982,"06/12/21","06/12/21","NO APLICA","NO APLICA"
46493983,"06/12/21","06/12/21","NO APLICA","NO APLICA"
46493984,"06/12/21","06/12/21","NO APLICA","NO APLICA"
46493985,"06/12/21","06/12/21","NO APLICA","NO APLICA"
46494055,"06/12/21","06/12/21","NO APLICA","NO APLICA"
46494056,"06/12/21","06/12/21","NO APLICA","NO APLICA"
46494057,"06/12/21","06/12/21","NO APLICA","NO APLICA"
46494058,"06/12/21","06/12/21","NO APLICA","NO APLICA"
46494059,"06/12/21","06/12/21","NO APLICA","NO APLICA"
46494125,"06/12/21","06/12/21","NO APLICA","NO APLICA"
46494126,"06/12/21","06/12/21","NO APLICA","NO APLICA"
46494127,"06/12/21","06/12/21","NO APLICA","NO APLICA"
46494128,"06/12/21","06/12/21","NO APLICA","NO APLICA"
46494129,"06/12/21","06/12/21","NO APLICA","NO APLICA"
46494190,"06/12/21","06/12/21","NO APLICA","NO APLICA"
46494191,"06/12/21","06/12/21","NO APLICA","NO APLICA"
46494192,"06/12/21","06/12/21","NO APLICA","NO APLICA"
46494193,"06/12/21","06/12/21","NO APLICA","NO APLICA"
46494194,"06/12/21","06/12/21","NO APLICA","NO APLICA"
46492566,"06/12/21","06/12/21","NO APLICA","NO APLICA"
46492567,"06/12/21","06/12/21","NO APLICA","NO APLICA"
46492568,"06/12/21","06/12/21","NO APLICA","NO APLICA"
46492569,"06/12/21","06/12/21","NO APLICA","NO APLICA"
46492570,"06/12/21","06/12/21","NO APLICA","NO APLICA"
46492646,"06/12/21","06/12/21","NO APLICA","NO APLICA"
46492647,"06/12/21","06/12/21","NO APLICA","NO APLICA"
46492648,"06/12/21","06/12/21","NO APLICA","NO APLICA"
46492649,"06/12/21","06/12/21","NO APLICA","NO APLICA"
46492650,"06/12/21","06/12/21","NO APLICA","NO APLICA"
46492726,"06/12/21","06/12/21","NO APLICA","NO APLICA"
46492727,"06/12/21","06/12/21","NO APLICA","NO APLICA"
46492728,"06/12/21","06/12/21","NO APLICA","NO APLICA"
46492729,"06/12/21","06/12/21","NO APLICA","NO APLICA"
46492730,"06/12/21","06/12/21","NO APLICA","NO APLICA"
46492806,"06/12/21","06/12/21","NO APLICA","NO APLICA"
46492807,"06/12/21","06/12/21","NO APLICA","NO APLICA"
46492808,"06/12/21","06/12/21","NO APLICA","NO APLICA"
46492809,"06/12/21","06/12/21","NO APLICA","NO APLICA"
46492810,"06/12/21","06/12/21","NO APLICA","NO APLICA"
46492886,"06/12/21","06/12/21","NO APLICA","NO APLICA"
46492887,"06/12/21","06/12/21","NO APLICA","NO APLICA"
46492888,"06/12/21","06/12/21","NO APLICA","NO APLICA"
46492889,"06/12/21","06/12/21","NO APLICA","NO APLICA"
46492890,"06/12/21","06/12/21","NO APLICA","NO APLICA"
46493099,"06/12/21","06/12/21","NO APLICA","NO APLICA"
46493100,"06/12/21","06/12/21","NO APLICA","NO APLICA"
46493101,"06/12/21","06/12/21","NO APLICA","NO APLICA"
46493102,"06/12/21","06/12/21","NO APLICA","NO APLICA"
46493103,"06/12/21","06/12/21","NO APLICA","NO APLICA"
46493154,"06/12/21","06/12/21","NO APLICA","NO APLICA"
46493155,"06/12/21","06/12/21","NO APLICA","NO APLICA"
46493156,"06/12/21","06/12/21","NO APLICA","NO APLICA"
46493157,"06/12/21","06/12/21","NO APLICA","NO APLICA"
46493158,"06/12/21","06/12/21","NO APLICA","NO APLICA"
46493213,"06/12/21","06/12/21","NO APLICA","NO APLICA"
46493214,"06/12/21","06/12/21","NO APLICA","NO APLICA"
46493215,"06/12/21","06/12/21","NO APLICA","NO APLICA"
46493216,"06/12/21","06/12/21","NO APLICA","NO APLICA"
46493217,"06/12/21","06/12/21","NO APLICA","NO APLICA"
46493278,"06/12/21","06/12/21","NO APLICA","NO APLICA"
46493279,"06/12/21","06/12/21","NO APLICA","NO APLICA"
46493280,"06/12/21","06/12/21","NO APLICA","NO APLICA"
46493281,"06/12/21","06/12/21","NO APLICA","NO APLICA"
46493282,"06/12/21","06/12/21","NO APLICA","NO APLICA"
46493348,"06/12/21","06/12/21","NO APLICA","NO APLICA"
46493349,"06/12/21","06/12/21","NO APLICA","NO APLICA"
46493350,"06/12/21","06/12/21","NO APLICA","NO APLICA"
46493351,"06/12/21","06/12/21","NO APLICA","NO APLICA"
46493352,"06/12/21","06/12/21","NO APLICA","NO APLICA"
46493426,"06/12/21","06/12/21","NO APLICA","NO APLICA"
46493427,"06/12/21","06/12/21","NO APLICA","NO APLICA"
46493428,"06/12/21","06/12/21","NO APLICA","NO APLICA"
46493429,"06/12/21","06/12/21","NO APLICA","NO APLICA"
46493430,"06/12/21","06/12/21","NO APLICA","NO APLICA"
46493506,"06/12/21","06/12/21","NO APLICA","NO APLICA"
46493507,"06/12/21","06/12/21","NO APLICA","NO APLICA"
46493508,"06/12/21","06/12/21","NO APLICA","NO APLICA"
46493509,"06/12/21","06/12/21","NO APLICA","NO APLICA"
46493510,"06/12/21","06/12/21","NO APLICA","NO APLICA"
46493586,"06/12/21","06/12/21","NO APLICA","NO APLICA"
46493587,"06/12/21","06/12/21","NO APLICA","NO APLICA"
46493588,"06/12/21","06/12/21","NO APLICA","NO APLICA"
46493589,"06/12/21","06/12/21","NO APLICA","NO APLICA"
46493590,"06/12/21","06/12/21","NO APLICA","NO APLICA"
46493666,"06/12/21","06/12/21","NO APLICA","NO APLICA"
46493667,"06/12/21","06/12/21","NO APLICA","NO APLICA"
46493668,"06/12/21","06/12/21","NO APLICA","NO APLICA"
46493669,"06/12/21","06/12/21","NO APLICA","NO APLICA"
46493670,"06/12/21","06/12/21","NO APLICA","NO APLICA"
46493746,"06/12/21","06/12/21","NO APLICA","NO APLICA"
46493747,"06/12/21","06/12/21","NO APLICA","NO APLICA"
46493748,"06/12/21","06/12/21","NO APLICA","NO APLICA"
46493749,"06/12/21","06/12/21","NO APLICA","NO APLICA"
46493750,"06/12/21","06/12/21","NO APLICA","NO APLICA"
46493826,"06/12/21","06/12/21","NO APLICA","NO APLICA"
46493827,"06/12/21","06/12/21","NO APLICA","NO APLICA"
46493828,"06/12/21","06/12/21","NO APLICA","NO APLICA"
46493829,"06/12/21","06/12/21","NO APLICA","NO APLICA"
46493830,"06/12/21","06/12/21","NO APLICA","NO APLICA"
46493906,"06/12/21","06/12/21","NO APLICA","NO APLICA"
46493907,"06/12/21","06/12/21","NO APLICA","NO APLICA"
46493908,"06/12/21","06/12/21","NO APLICA","NO APLICA"
46493909,"06/12/21","06/12/21","NO APLICA","NO APLICA"
46493910,"06/12/21","06/12/21","NO APLICA","NO APLICA"
46493986,"06/12/21","06/12/21","NO APLICA","NO APLICA"
46493987,"06/12/21","06/12/21","NO APLICA","NO APLICA"
46493988,"06/12/21","06/12/21","NO APLICA","NO APLICA"
46493989,"06/12/21","06/12/21","NO APLICA","NO APLICA"
46493990,"06/12/21","06/12/21","NO APLICA","NO APLICA"
46494060,"06/12/21","06/12/21","NO APLICA","NO APLICA"
46494061,"06/12/21","06/12/21","NO APLICA","NO APLICA"
46494062,"06/12/21","06/12/21","NO APLICA","NO APLICA"
46494063,"06/12/21","06/12/21","NO APLICA","NO APLICA"
46494064,"06/12/21","06/12/21","NO APLICA","NO APLICA"
46494130,"06/12/21","06/12/21","NO APLICA","NO APLICA"
46494131,"06/12/21","06/12/21","NO APLICA","NO APLICA"
46494132,"06/12/21","06/12/21","NO APLICA","NO APLICA"
46494133,"06/12/21","06/12/21","NO APLICA","NO APLICA"
46494134,"06/12/21","06/12/21","NO APLICA","NO APLICA"
46494195,"06/12/21","06/12/21","NO APLICA","NO APLICA"
46492571,"06/12/21","06/12/21","NO APLICA","NO APLICA"
46492572,"06/12/21","06/12/21","NO APLICA","NO APLICA"
46492573,"06/12/21","06/12/21","NO APLICA","NO APLICA"
46492574,"06/12/21","06/12/21","NO APLICA","NO APLICA"
46492575,"06/12/21","06/12/21","NO APLICA","NO APLICA"
46492651,"06/12/21","06/12/21","NO APLICA","NO APLICA"
46492652,"06/12/21","06/12/21","NO APLICA","NO APLICA"
46492653,"06/12/21","06/12/21","NO APLICA","NO APLICA"
46492654,"06/12/21","06/12/21","NO APLICA","NO APLICA"
46492655,"06/12/21","06/12/21","NO APLICA","NO APLICA"
46492731,"06/12/21","06/12/21","NO APLICA","NO APLICA"
46492732,"06/12/21","06/12/21","NO APLICA","NO APLICA"
46492733,"06/12/21","06/12/21","NO APLICA","NO APLICA"
46492734,"06/12/21","06/12/21","NO APLICA","NO APLICA"
46492735,"06/12/21","06/12/21","NO APLICA","NO APLICA"
46492811,"06/12/21","06/12/21","NO APLICA","NO APLICA"
46492812,"06/12/21","06/12/21","NO APLICA","NO APLICA"
46492813,"06/12/21","06/12/21","NO APLICA","NO APLICA"
46492814,"06/12/21","06/12/21","NO APLICA","NO APLICA"
46492815,"06/12/21","06/12/21","NO APLICA","NO APLICA"
46492891,"06/12/21","06/12/21","NO APLICA","NO APLICA"
46492892,"06/12/21","06/12/21","NO APLICA","NO APLICA"
46492893,"06/12/21","06/12/21","NO APLICA","NO APLICA"
46492894,"06/12/21","06/12/21","NO APLICA","NO APLICA"
46492895,"06/12/21","06/12/21","NO APLICA","NO APLICA"
46493159,"06/12/21","06/12/21","NO APLICA","NO APLICA"
46493160,"06/12/21","06/12/21","NO APLICA","NO APLICA"
46493161,"06/12/21","06/12/21","NO APLICA","NO APLICA"
46493162,"06/12/21","06/12/21","NO APLICA","NO APLICA"
46493163,"06/12/21","06/12/21","NO APLICA","NO APLICA"
46493218,"06/12/21","06/12/21","NO APLICA","NO APLICA"
46493219,"06/12/21","06/12/21","NO APLICA","NO APLICA"
46493220,"06/12/21","06/12/21","NO APLICA","NO APLICA"
46493221,"06/12/21","06/12/21","NO APLICA","NO APLICA"
46493222,"06/12/21","06/12/21","NO APLICA","NO APLICA"
46493283,"06/12/21","06/12/21","NO APLICA","NO APLICA"
46493284,"06/12/21","06/12/21","NO APLICA","NO APLICA"
46493285,"06/12/21","06/12/21","NO APLICA","NO APLICA"
46493286,"06/12/21","06/12/21","NO APLICA","NO APLICA"
46493287,"06/12/21","06/12/21","NO APLICA","NO APLICA"
46493353,"06/12/21","06/12/21","NO APLICA","NO APLICA"
46493354,"06/12/21","06/12/21","NO APLICA","NO APLICA"
46493355,"06/12/21","06/12/21","NO APLICA","NO APLICA"
46493356,"06/12/21","06/12/21","NO APLICA","NO APLICA"
46493357,"06/12/21","06/12/21","NO APLICA","NO APLICA"
46493431,"06/12/21","06/12/21","NO APLICA","NO APLICA"
46493432,"06/12/21","06/12/21","NO APLICA","NO APLICA"
46493433,"06/12/21","06/12/21","NO APLICA","NO APLICA"
46493434,"06/12/21","06/12/21","NO APLICA","NO APLICA"
46493435,"06/12/21","06/12/21","NO APLICA","NO APLICA"
46493511,"06/12/21","06/12/21","NO APLICA","NO APLICA"
46493512,"06/12/21","06/12/21","NO APLICA","NO APLICA"
46493513,"06/12/21","06/12/21","NO APLICA","NO APLICA"
46493514,"06/12/21","06/12/21","NO APLICA","NO APLICA"
46493515,"06/12/21","06/12/21","NO APLICA","NO APLICA"
46493591,"06/12/21","06/12/21","NO APLICA","NO APLICA"
46493592,"06/12/21","06/12/21","NO APLICA","NO APLICA"
46493593,"06/12/21","06/12/21","NO APLICA","NO APLICA"
46493594,"06/12/21","06/12/21","NO APLICA","NO APLICA"
46493595,"06/12/21","06/12/21","NO APLICA","NO APLICA"
46493671,"06/12/21","06/12/21","NO APLICA","NO APLICA"
46493672,"06/12/21","06/12/21","NO APLICA","NO APLICA"
46493673,"06/12/21","06/12/21","NO APLICA","NO APLICA"
46493674,"06/12/21","06/12/21","NO APLICA","NO APLICA"
46493675,"06/12/21","06/12/21","NO APLICA","NO APLICA"
46493751,"06/12/21","06/12/21","NO APLICA","NO APLICA"
46493752,"06/12/21","06/12/21","NO APLICA","NO APLICA"
46493753,"06/12/21","06/12/21","NO APLICA","NO APLICA"
46493754,"06/12/21","06/12/21","NO APLICA","NO APLICA"
46493755,"06/12/21","06/12/21","NO APLICA","NO APLICA"
46493831,"06/12/21","06/12/21","NO APLICA","NO APLICA"
46493832,"06/12/21","06/12/21","NO APLICA","NO APLICA"
46493833,"06/12/21","06/12/21","NO APLICA","NO APLICA"
46493834,"06/12/21","06/12/21","NO APLICA","NO APLICA"
46493835,"06/12/21","06/12/21","NO APLICA","NO APLICA"
46493911,"06/12/21","06/12/21","NO APLICA","NO APLICA"
46493912,"06/12/21","06/12/21","NO APLICA","NO APLICA"
46493913,"06/12/21","06/12/21","NO APLICA","NO APLICA"
46493914,"06/12/21","06/12/21","NO APLICA","NO APLICA"
46493915,"06/12/21","06/12/21","NO APLICA","NO APLICA"
46493991,"06/12/21","06/12/21","NO APLICA","NO APLICA"
46493992,"06/12/21","06/12/21","NO APLICA","NO APLICA"
46493993,"06/12/21","06/12/21","NO APLICA","NO APLICA"
46493994,"06/12/21","06/12/21","NO APLICA","NO APLICA"
46493995,"06/12/21","06/12/21","NO APLICA","NO APLICA"
46494065,"06/12/21","06/12/21","NO APLICA","NO APLICA"
46494066,"06/12/21","06/12/21","NO APLICA","NO APLICA"
46494067,"06/12/21","06/12/21","NO APLICA","NO APLICA"
46494068,"06/12/21","06/12/21","NO APLICA","NO APLICA"
46494069,"06/12/21","06/12/21","NO APLICA","NO APLICA"
46494135,"06/12/21","06/12/21","NO APLICA","NO APLICA"
46494136,"06/12/21","06/12/21","NO APLICA","NO APLICA"
46494137,"06/12/21","06/12/21","NO APLICA","NO APLICA"
46494138,"06/12/21","06/12/21","NO APLICA","NO APLICA"
46494139,"06/12/21","06/12/21","NO APLICA","NO APLICA"
46492576,"06/12/21","06/12/21","NO APLICA","NO APLICA"
46492577,"06/12/21","06/12/21","NO APLICA","NO APLICA"
46492578,"06/12/21","06/12/21","NO APLICA","NO APLICA"
46492579,"06/12/21","06/12/21","NO APLICA","NO APLICA"
46492580,"06/12/21","06/12/21","NO APLICA","NO APLICA"
46492656,"06/12/21","06/12/21","NO APLICA","NO APLICA"
46492657,"06/12/21","06/12/21","NO APLICA","NO APLICA"
46492658,"06/12/21","06/12/21","NO APLICA","NO APLICA"
46492659,"06/12/21","06/12/21","NO APLICA","NO APLICA"
46492660,"06/12/21","06/12/21","NO APLICA","NO APLICA"
46492736,"06/12/21","06/12/21","NO APLICA","NO APLICA"
46492737,"06/12/21","06/12/21","NO APLICA","NO APLICA"
46492738,"06/12/21","06/12/21","NO APLICA","NO APLICA"
46492739,"06/12/21","06/12/21","NO APLICA","NO APLICA"
46492740,"06/12/21","06/12/21","NO APLICA","NO APLICA"
46492816,"06/12/21","06/12/21","NO APLICA","NO APLICA"
46492817,"06/12/21","06/12/21","NO APLICA","NO APLICA"
46492818,"06/12/21","06/12/21","NO APLICA","NO APLICA"
46492819,"06/12/21","06/12/21","NO APLICA","NO APLICA"
46492820,"06/12/21","06/12/21","NO APLICA","NO APLICA"
46492896,"06/12/21","06/12/21","NO APLICA","NO APLICA"
46492897,"06/12/21","06/12/21","NO APLICA","NO APLICA"
46492898,"06/12/21","06/12/21","NO APLICA","NO APLICA"
46492899,"06/12/21","06/12/21","NO APLICA","NO APLICA"
46492900,"06/12/21","06/12/21","NO APLICA","NO APLICA"
46493223,"06/12/21","06/12/21","NO APLICA","NO APLICA"
46493224,"06/12/21","06/12/21","NO APLICA","NO APLICA"
46493225,"06/12/21","06/12/21","NO APLICA","NO APLICA"
46493226,"06/12/21","06/12/21","NO APLICA","NO APLICA"
46493227,"06/12/21","06/12/21","NO APLICA","NO APLICA"
46493288,"06/12/21","06/12/21","NO APLICA","NO APLICA"
46493289,"06/12/21","06/12/21","NO APLICA","NO APLICA"
46493290,"06/12/21","06/12/21","NO APLICA","NO APLICA"
46493291,"06/12/21","06/12/21","NO APLICA","NO APLICA"
46493292,"06/12/21","06/12/21","NO APLICA","NO APLICA"
46493358,"06/12/21","06/12/21","NO APLICA","NO APLICA"
46493359,"06/12/21","06/12/21","NO APLICA","NO APLICA"
46493360,"06/12/21","06/12/21","NO APLICA","NO APLICA"
46493361,"06/12/21","06/12/21","NO APLICA","NO APLICA"
46493436,"06/12/21","06/12/21","NO APLICA","NO APLICA"
46493437,"06/12/21","06/12/21","NO APLICA","NO APLICA"
46493438,"06/12/21","06/12/21","NO APLICA","NO APLICA"
46493439,"06/12/21","06/12/21","NO APLICA","NO APLICA"
46493440,"06/12/21","06/12/21","NO APLICA","NO APLICA"
46493516,"06/12/21","06/12/21","NO APLICA","NO APLICA"
46493517,"06/12/21","06/12/21","NO APLICA","NO APLICA"
46493518,"06/12/21","06/12/21","NO APLICA","NO APLICA"
46493519,"06/12/21","06/12/21","NO APLICA","NO APLICA"
46493520,"06/12/21","06/12/21","NO APLICA","NO APLICA"
46493596,"06/12/21","06/12/21","NO APLICA","NO APLICA"
46493597,"06/12/21","06/12/21","NO APLICA","NO APLICA"
46493598,"06/12/21","06/12/21","NO APLICA","NO APLICA"
46493599,"06/12/21","06/12/21","NO APLICA","NO APLICA"
46493600,"06/12/21","06/12/21","NO APLICA","NO APLICA"
46493676,"06/12/21","06/12/21","NO APLICA","NO APLICA"
46493677,"06/12/21","06/12/21","NO APLICA","NO APLICA"
46493678,"06/12/21","06/12/21","NO APLICA","NO APLICA"
46493679,"06/12/21","06/12/21","NO APLICA","NO APLICA"
46493680,"06/12/21","06/12/21","NO APLICA","NO APLICA"
46493756,"06/12/21","06/12/21","NO APLICA","NO APLICA"
46493757,"06/12/21","06/12/21","NO APLICA","NO APLICA"
46493758,"06/12/21","06/12/21","NO APLICA","NO APLICA"
46493759,"06/12/21","06/12/21","NO APLICA","NO APLICA"
46493760,"06/12/21","06/12/21","NO APLICA","NO APLICA"
46493836,"06/12/21","06/12/21","NO APLICA","NO APLICA"
46493837,"06/12/21","06/12/21","NO APLICA","NO APLICA"
46493838,"06/12/21","06/12/21","NO APLICA","NO APLICA"
46493839,"06/12/21","06/12/21","NO APLICA","NO APLICA"
46493840,"06/12/21","06/12/21","NO APLICA","NO APLICA"
46493916,"06/12/21","06/12/21","NO APLICA","NO APLICA"
46493917,"06/12/21","06/12/21","NO APLICA","NO APLICA"
46493918,"06/12/21","06/12/21","NO APLICA","NO APLICA"
46493919,"06/12/21","06/12/21","NO APLICA","NO APLICA"
46493920,"06/12/21","06/12/21","NO APLICA","NO APLICA"
46493996,"06/12/21","06/12/21","NO APLICA","NO APLICA"
46493997,"06/12/21","06/12/21","NO APLICA","NO APLICA"
46493998,"06/12/21","06/12/21","NO APLICA","NO APLICA"
46493999,"06/12/21","06/12/21","NO APLICA","NO APLICA"
46494070,"06/12/21","06/12/21","NO APLICA","NO APLICA"
46494071,"06/12/21","06/12/21","NO APLICA","NO APLICA"
46494072,"06/12/21","06/12/21","NO APLICA","NO APLICA"
46494073,"06/12/21","06/12/21","NO APLICA","NO APLICA"
46494074,"06/12/21","06/12/21","NO APLICA","NO APLICA"
46494140,"06/12/21","06/12/21","NO APLICA","NO APLICA"
46494141,"06/12/21","06/12/21","NO APLICA","NO APLICA"
46494142,"06/12/21","06/12/21","NO APLICA","NO APLICA"
46494143,"06/12/21","06/12/21","NO APLICA","NO APLICA"
46494144,"06/12/21","06/12/21","NO APLICA","NO APLICA"
46492581,"06/12/21","06/12/21","NO APLICA","NO APLICA"
46492582,"06/12/21","06/12/21","NO APLICA","NO APLICA"
46492583,"06/12/21","06/12/21","NO APLICA","NO APLICA"
46492584,"06/12/21","06/12/21","NO APLICA","NO APLICA"
46492585,"06/12/21","06/12/21","NO APLICA","NO APLICA"
46492661,"06/12/21","06/12/21","NO APLICA","NO APLICA"
46492662,"06/12/21","06/12/21","NO APLICA","NO APLICA"
46492663,"06/12/21","06/12/21","NO APLICA","NO APLICA"
46492664,"06/12/21","06/12/21","NO APLICA","NO APLICA"
46492665,"06/12/21","06/12/21","NO APLICA","NO APLICA"
46492741,"06/12/21","06/12/21","NO APLICA","NO APLICA"
46492742,"06/12/21","06/12/21","NO APLICA","NO APLICA"
46492743,"06/12/21","06/12/21","NO APLICA","NO APLICA"
46492744,"06/12/21","06/12/21","NO APLICA","NO APLICA"
46492745,"06/12/21","06/12/21","NO APLICA","NO APLICA"
46492821,"06/12/21","06/12/21","NO APLICA","NO APLICA"
46492822,"06/12/21","06/12/21","NO APLICA","NO APLICA"
46492823,"06/12/21","06/12/21","NO APLICA","NO APLICA"
46492824,"06/12/21","06/12/21","NO APLICA","NO APLICA"
46492825,"06/12/21","06/12/21","NO APLICA","NO APLICA"
46492901,"06/12/21","06/12/21","NO APLICA","NO APLICA"
46492902,"06/12/21","06/12/21","NO APLICA","NO APLICA"
46492903,"06/12/21","06/12/21","NO APLICA","NO APLICA"
46492904,"06/12/21","06/12/21","NO APLICA","NO APLICA"
46492905,"06/12/21","06/12/21","NO APLICA","NO APLICA"
46493293,"06/12/21","06/12/21","NO APLICA","NO APLICA"
46493294,"06/12/21","06/12/21","NO APLICA","NO APLICA"
46493295,"06/12/21","06/12/21","NO APLICA","NO APLICA"
46493296,"06/12/21","06/12/21","NO APLICA","NO APLICA"
46493297,"06/12/21","06/12/21","NO APLICA","NO APLICA"
46493362,"06/12/21","06/12/21","NO APLICA","NO APLICA"
46493363,"06/12/21","06/12/21","NO APLICA","NO APLICA"
46493364,"06/12/21","06/12/21","NO APLICA","NO APLICA"
46493365,"06/12/21","06/12/21","NO APLICA","NO APLICA"
46493366,"06/12/21","06/12/21","NO APLICA","NO APLICA"
46493441,"06/12/21","06/12/21","NO APLICA","NO APLICA"
46493442,"06/12/21","06/12/21","NO APLICA","NO APLICA"
46493443,"06/12/21","06/12/21","NO APLICA","NO APLICA"
46493444,"06/12/21","06/12/21","NO APLICA","NO APLICA"
46493445,"06/12/21","06/12/21","NO APLICA","NO APLICA"
46493521,"06/12/21","06/12/21","NO APLICA","NO APLICA"
46493522,"06/12/21","06/12/21","NO APLICA","NO APLICA"
46493523,"06/12/21","06/12/21","NO APLICA","NO APLICA"
46493524,"06/12/21","06/12/21","NO APLICA","NO APLICA"
46493525,"06/12/21","06/12/21","NO APLICA","NO APLICA"
46493601,"06/12/21","06/12/21","NO APLICA","NO APLICA"
46493602,"06/12/21","06/12/21","NO APLICA","NO APLICA"
46493603,"06/12/21","06/12/21","NO APLICA","NO APLICA"
46493604,"06/12/21","06/12/21","NO APLICA","NO APLICA"
46493605,"06/12/21","06/12/21","NO APLICA","NO APLICA"
46493681,"06/12/21","06/12/21","NO APLICA","NO APLICA"
46493682,"06/12/21","06/12/21","NO APLICA","NO APLICA"
46493683,"06/12/21","06/12/21","NO APLICA","NO APLICA"
46493684,"06/12/21","06/12/21","NO APLICA","NO APLICA"
46493685,"06/12/21","06/12/21","NO APLICA","NO APLICA"
46493761,"06/12/21","06/12/21","NO APLICA","NO APLICA"
46493762,"06/12/21","06/12/21","NO APLICA","NO APLICA"
46493763,"06/12/21","06/12/21","NO APLICA","NO APLICA"
46493764,"06/12/21","06/12/21","NO APLICA","NO APLICA"
46493765,"06/12/21","06/12/21","NO APLICA","NO APLICA"
46493841,"06/12/21","06/12/21","NO APLICA","NO APLICA"
46493842,"06/12/21","06/12/21","NO APLICA","NO APLICA"
46493843,"06/12/21","06/12/21","NO APLICA","NO APLICA"
46493844,"06/12/21","06/12/21","NO APLICA","NO APLICA"
46493845,"06/12/21","06/12/21","NO APLICA","NO APLICA"
46493921,"06/12/21","06/12/21","NO APLICA","NO APLICA"
46493922,"06/12/21","06/12/21","NO APLICA","NO APLICA"
46493923,"06/12/21","06/12/21","NO APLICA","NO APLICA"
46493924,"06/12/21","06/12/21","NO APLICA","NO APLICA"
46493925,"06/12/21","06/12/21","NO APLICA","NO APLICA"
46494000,"06/12/21","06/12/21","NO APLICA","NO APLICA"
46494001,"06/12/21","06/12/21","NO APLICA","NO APLICA"
46494002,"06/12/21","06/12/21","NO APLICA","NO APLICA"
46494003,"06/12/21","06/12/21","NO APLICA","NO APLICA"
46494004,"06/12/21","06/12/21","NO APLICA","NO APLICA"
46494075,"06/12/21","06/12/21","NO APLICA","NO APLICA"
46494076,"06/12/21","06/12/21","NO APLICA","NO APLICA"
46494077,"06/12/21","06/12/21","NO APLICA","NO APLICA"
46494078,"06/12/21","06/12/21","NO APLICA","NO APLICA"
46494079,"06/12/21","06/12/21","NO APLICA","NO APLICA"
46494145,"06/12/21","06/12/21","NO APLICA","NO APLICA"
46494146,"06/12/21","06/12/21","NO APLICA","NO APLICA"
46494147,"06/12/21","06/12/21","NO APLICA","NO APLICA"
46494148,"06/12/21","06/12/21","NO APLICA","NO APLICA"
46494149,"06/12/21","06/12/21","NO APLICA","NO APLICA"
46492586,"06/12/21","06/12/21","NO APLICA","NO APLICA"
46492587,"06/12/21","06/12/21","NO APLICA","NO APLICA"
46492588,"06/12/21","06/12/21","NO APLICA","NO APLICA"
46492589,"06/12/21","06/12/21","NO APLICA","NO APLICA"
46492590,"06/12/21","06/12/21","NO APLICA","NO APLICA"
46492666,"06/12/21","06/12/21","NO APLICA","NO APLICA"
46492667,"06/12/21","06/12/21","NO APLICA","NO APLICA"
46492668,"06/12/21","06/12/21","NO APLICA","NO APLICA"
46492669,"06/12/21","06/12/21","NO APLICA","NO APLICA"
46492670,"06/12/21","06/12/21","NO APLICA","NO APLICA"
46492746,"06/12/21","06/12/21","NO APLICA","NO APLICA"
46492747,"06/12/21","06/12/21","NO APLICA","NO APLICA"
46492748,"06/12/21","06/12/21","NO APLICA","NO APLICA"
46492749,"06/12/21","06/12/21","NO APLICA","NO APLICA"
46492750,"06/12/21","06/12/21","NO APLICA","NO APLICA"
46492826,"06/12/21","06/12/21","NO APLICA","NO APLICA"
46492827,"06/12/21","06/12/21","NO APLICA","NO APLICA"
46492828,"06/12/21","06/12/21","NO APLICA","NO APLICA"
46492829,"06/12/21","06/12/21","NO APLICA","NO APLICA"
46492830,"06/12/21","06/12/21","NO APLICA","NO APLICA"
46492906,"06/12/21","06/12/21","NO APLICA","NO APLICA"
46492907,"06/12/21","06/12/21","NO APLICA","NO APLICA"
46492908,"06/12/21","06/12/21","NO APLICA","NO APLICA"
46492909,"06/12/21","06/12/21","NO APLICA","NO APLICA"
46492910,"06/12/21","06/12/21","NO APLICA","NO APLICA"
46493367,"06/12/21","06/12/21","NO APLICA","NO APLICA"
46493368,"06/12/21","06/12/21","NO APLICA","NO APLICA"
46493369,"06/12/21","06/12/21","NO APLICA","NO APLICA"
46493370,"06/12/21","06/12/21","NO APLICA","NO APLICA"
46493371,"06/12/21","06/12/21","NO APLICA","NO APLICA"
46493446,"06/12/21","06/12/21","NO APLICA","NO APLICA"
46493447,"06/12/21","06/12/21","NO APLICA","NO APLICA"
46493448,"06/12/21","06/12/21","NO APLICA","NO APLICA"
46493449,"06/12/21","06/12/21","NO APLICA","NO APLICA"
46493450,"06/12/21","06/12/21","NO APLICA","NO APLICA"
46493526,"06/12/21","06/12/21","NO APLICA","NO APLICA"
46493527,"06/12/21","06/12/21","NO APLICA","NO APLICA"
46493528,"06/12/21","06/12/21","NO APLICA","NO APLICA"
46493529,"06/12/21","06/12/21","NO APLICA","NO APLICA"
46493530,"06/12/21","06/12/21","NO APLICA","NO APLICA"
46493606,"06/12/21","06/12/21","NO APLICA","NO APLICA"
46493607,"06/12/21","06/12/21","NO APLICA","NO APLICA"
46493608,"06/12/21","06/12/21","NO APLICA","NO APLICA"
46493609,"06/12/21","06/12/21","NO APLICA","NO APLICA"
46493610,"06/12/21","06/12/21","NO APLICA","NO APLICA"
46493686,"06/12/21","06/12/21","NO APLICA","NO APLICA"
46493687,"06/12/21","06/12/21","NO APLICA","NO APLICA"
46493688,"06/12/21","06/12/21","NO APLICA","NO APLICA"
46493689,"06/12/21","06/12/21","NO APLICA","NO APLICA"
46493690,"06/12/21","06/12/21","NO APLICA","NO APLICA"
46493766,"06/12/21","06/12/21","NO APLICA","NO APLICA"
46493767,"06/12/21","06/12/21","NO APLICA","NO APLICA"
46493768,"06/12/21","06/12/21","NO APLICA","NO APLICA"
46493769,"06/12/21","06/12/21","NO APLICA","NO APLICA"
46493770,"06/12/21","06/12/21","NO APLICA","NO APLICA"
46493846,"06/12/21","06/12/21","NO APLICA","NO APLICA"
46493847,"06/12/21","06/12/21","NO APLICA","NO APLICA"
46493848,"06/12/21","06/12/21","NO APLICA","NO APLICA"
46493849,"06/12/21","06/12/21","NO APLICA","NO APLICA"
46493850,"06/12/21","06/12/21","NO APLICA","NO APLICA"
46493926,"06/12/21","06/12/21","NO APLICA","NO APLICA"
46493927,"06/12/21","06/12/21","NO APLICA","NO APLICA"
46493928,"06/12/21","06/12/21","NO APLICA","NO APLICA"
46493929,"06/12/21","06/12/21","NO APLICA","NO APLICA"
46493930,"06/12/21","06/12/21","NO APLICA","NO APLICA"
46494005,"06/12/21","06/12/21","NO APLICA","NO APLICA"
46494006,"06/12/21","06/12/21","NO APLICA","NO APLICA"
46494007,"06/12/21","06/12/21","NO APLICA","NO APLICA"
46494008,"06/12/21","06/12/21","NO APLICA","NO APLICA"
46494009,"06/12/21","06/12/21","NO APLICA","NO APLICA"
46494080,"06/12/21","06/12/21","NO APLICA","NO APLICA"
46494081,"06/12/21","06/12/21","NO APLICA","NO APLICA"
46494082,"06/12/21","06/12/21","NO APLICA","NO APLICA"
46494083,"06/12/21","06/12/21","NO APLICA","NO APLICA"
46494084,"06/12/21","06/12/21","NO APLICA","NO APLICA"
46494150,"06/12/21","06/12/21","NO APLICA","NO APLICA"
46494151,"06/12/21","06/12/21","NO APLICA","NO APLICA"
46494152,"06/12/21","06/12/21","NO APLICA","NO APLICA"
46494153,"06/12/21","06/12/21","NO APLICA","NO APLICA"
46494154,"06/12/21","06/12/21","NO APLICA","NO APLICA"
46492591,"06/12/21","06/12/21","NO APLICA","NO APLICA"
46492592,"06/12/21","06/12/21","NO APLICA","NO APLICA"
46492593,"06/12/21","06/12/21","NO APLICA","NO APLICA"
46492594,"06/12/21","06/12/21","NO APLICA","NO APLICA"
46492595,"06/12/21","06/12/21","NO APLICA","NO APLICA"
46492671,"06/12/21","06/12/21","NO APLICA","NO APLICA"
46492672,"06/12/21","06/12/21","NO APLICA","NO APLICA"
46492673,"06/12/21","06/12/21","NO APLICA","NO APLICA"
46492674,"06/12/21","06/12/21","NO APLICA","NO APLICA"
46492675,"06/12/21","06/12/21","NO APLICA","NO APLICA"
46492751,"06/12/21","06/12/21","NO APLICA","NO APLICA"
46492752,"06/12/21","06/12/21","NO APLICA","NO APLICA"
46492753,"06/12/21","06/12/21","NO APLICA","NO APLICA"
46492754,"06/12/21","06/12/21","NO APLICA","NO APLICA"
46492755,"06/12/21","06/12/21","NO APLICA","NO APLICA"
46492831,"06/12/21","06/12/21","NO APLICA","NO APLICA"
46492832,"06/12/21","06/12/21","NO APLICA","NO APLICA"
46492833,"06/12/21","06/12/21","NO APLICA","NO APLICA"
46492834,"06/12/21","06/12/21","NO APLICA","NO APLICA"
46492835,"06/12/21","06/12/21","NO APLICA","NO APLICA"
46492911,"06/12/21","06/12/21","NO APLICA","NO APLICA"
46492912,"06/12/21","06/12/21","NO APLICA","NO APLICA"
46492913,"06/12/21","06/12/21","NO APLICA","NO APLICA"
46492914,"06/12/21","06/12/21","NO APLICA","NO APLICA"
46492915,"06/12/21","06/12/21","NO APLICA","NO APLICA"
46493372,"06/12/21","06/12/21","NO APLICA","NO APLICA"
46493373,"06/12/21","06/12/21","NO APLICA","NO APLICA"
46493374,"06/12/21","06/12/21","NO APLICA","NO APLICA"
46493375,"06/12/21","06/12/21","NO APLICA","NO APLICA"
46493451,"06/12/21","06/12/21","NO APLICA","NO APLICA"
46493452,"06/12/21","06/12/21","NO APLICA","NO APLICA"
46493453,"06/12/21","06/12/21","NO APLICA","NO APLICA"
46493454,"06/12/21","06/12/21","NO APLICA","NO APLICA"
46493455,"06/12/21","06/12/21","NO APLICA","NO APLICA"
46493531,"06/12/21","06/12/21","NO APLICA","NO APLICA"
46493532,"06/12/21","06/12/21","NO APLICA","NO APLICA"
46493533,"06/12/21","06/12/21","NO APLICA","NO APLICA"
46493534,"06/12/21","06/12/21","NO APLICA","NO APLICA"
46493535,"06/12/21","06/12/21","NO APLICA","NO APLICA"
46493611,"06/12/21","06/12/21","NO APLICA","NO APLICA"
46493612,"06/12/21","06/12/21","NO APLICA","NO APLICA"
46493613,"06/12/21","06/12/21","NO APLICA","NO APLICA"
46493614,"06/12/21","06/12/21","NO APLICA","NO APLICA"
46493615,"06/12/21","06/12/21","NO APLICA","NO APLICA"
46493691,"06/12/21","06/12/21","NO APLICA","NO APLICA"
46493692,"06/12/21","06/12/21","NO APLICA","NO APLICA"
46493693,"06/12/21","06/12/21","NO APLICA","NO APLICA"
46493694,"06/12/21","06/12/21","NO APLICA","NO APLICA"
46493695,"06/12/21","06/12/21","NO APLICA","NO APLICA"
46493771,"06/12/21","06/12/21","NO APLICA","NO APLICA"
46493772,"06/12/21","06/12/21","NO APLICA","NO APLICA"
46493773,"06/12/21","06/12/21","NO APLICA","NO APLICA"
46493774,"06/12/21","06/12/21","NO APLICA","NO APLICA"
46493775,"06/12/21","06/12/21","NO APLICA","NO APLICA"
46493851,"06/12/21","06/12/21","NO APLICA","NO APLICA"
46493852,"06/12/21","06/12/21","NO APLICA","NO APLICA"
46493853,"06/12/21","06/12/21","NO APLICA","NO APLICA"
46493854,"06/12/21","06/12/21","NO APLICA","NO APLICA"
46493855,"06/12/21","06/12/21","NO APLICA","NO APLICA"
46493931,"06/12/21","06/12/21","NO APLICA","NO APLICA"
46493932,"06/12/21","06/12/21","NO APLICA","NO APLICA"
46493933,"06/12/21","06/12/21","NO APLICA","NO APLICA"
46493934,"06/12/21","06/12/21","NO APLICA","NO APLICA"
46493935,"06/12/21","06/12/21","NO APLICA","NO APLICA"
46494010,"06/12/21","06/12/21","NO APLICA","NO APLICA"
46494011,"06/12/21","06/12/21","NO APLICA","NO APLICA"
46494012,"06/12/21","06/12/21","NO APLICA","NO APLICA"
46494013,"06/12/21","06/12/21","NO APLICA","NO APLICA"
46494014,"06/12/21","06/12/21","NO APLICA","NO APLICA"
46494085,"06/12/21","06/12/21","NO APLICA","NO APLICA"
46494086,"06/12/21","06/12/21","NO APLICA","NO APLICA"
46494087,"06/12/21","06/12/21","NO APLICA","NO APLICA"
46494088,"06/12/21","06/12/21","NO APLICA","NO APLICA"
46494089,"06/12/21","06/12/21","NO APLICA","NO APLICA"
46494155,"06/12/21","06/12/21","NO APLICA","NO APLICA"
46494156,"06/12/21","06/12/21","NO APLICA","NO APLICA"
46494157,"06/12/21","06/12/21","NO APLICA","NO APLICA"
46494158,"06/12/21","06/12/21","NO APLICA","NO APLICA"
46494159,"06/12/21","06/12/21","NO APLICA","NO APLICA"

