"","id","name","unidad","tipo","neta","neta.1","estimulos","administrativo","apellido1","nombre1","nombre2","nombre","apellido2","nombr","nivel","sni","total","totalneto","orden","sexo"
"1","12874","Soto Martinez, Laurentino","Plantel Tres Justo Sierra E.n.p.","D7117 TECNICO ACADEMICO AUXILIAR A MEDIO TIEMPO",3676.89,3676.89,708.07,0,"SOTO","Laurentino",NA,"LAURENTINO","MARTINEZ","Tecnico",NA,0,5639.96,4384.96,10,"Masculino"
"2","12856","De La Rosa Gonzalez, Olivama","Plantel Uno Gabino Barreda E.n.p.","D7220 TECNICO ACADEMICO AUXILIAR B MEDIO TIEMPO",4114.2,4114.2,708.07,0,"DE LA ROSA","Olivama",NA,"OLIVAMA","GONZALEZ","Tecnico",NA,0,6077.27,4822.27,22,"Masculino"
"3","12840","Cortes Billion, Yasahir","Escuela Nacional De Artes Cinematograficas","D8133 TECNICO ACADEMICO ASOCIADO A MEDIO TIEMPO",5640.55,5640.55,486.41,0,"CORTES","Yasahir",NA,"YASAHIR","BILLION","Tecnico",NA,0,7381.96,6126.96,39,"Masculino"
"4","12692","Mondragon Bolaños, Austreberto","Facultad De Psicologia","D6160 PROFESOR TITULAR A MEDIO TIEMPO",8987.04,8987.04,861.41,0,"MONDRAGON","Austreberto",NA,"AUSTREBERTO","BOLAÑOS","Profesor",NA,0,11103.45,9848.45,152,"Masculino"
"5","12653","Saldaña Hernandez, Nelyda","Facultad De Medicina Veterinaria Y Zootecnia","D8467 TECNICO ACADEMICO ASOCIADO A TIEMPO COMPLETO",10202.88,10202.88,708.07,0,"SALDAÑA","Nelyda",NA,"NELYDA","HERNANDEZ","Tecnico",NA,0,12165.95,10910.95,179,"Femenino"
"6","12634","Robles Cuellar, Camerina","Facultad De Filosofia Y Letras","D8578 TECNICO ACADEMICO ASOCIADO B TIEMPO COMPLETO",11138.35,11138.35,708.07,0,"ROBLES","Camerina","Ahidee","CAMERINA AHIDEE","CUELLAR","Tecnico",NA,0,13101.42,11846.42,216,"Femenino"
"7","12594","Vazquez Garcia, Aquilino","Facultad De Derecho","D6376 PROFESOR TITULAR C MEDIO TIEMPO",12075.36,12075.36,486.41,0,"VAZQUEZ","Aquilino",NA,"AQUILINO","GARCIA","Profesor",NA,0,13816.77,12561.77,234,"Masculino"
"8","12505","Fernandez Cata, Geyser","Instituto De Geologia","I8682 TECNICO ACADEMICO ASOCIADO C TIEMPO COMPLETO",12155.64,12155.64,708.07,0,"FERNANDEZ","Geyser",NA,"GEYSER","CATA","Tecnico",NA,0,14118.71,12863.71,318,"Femenino"
"9","12379","Benitez Rangel, Edaena","Facultad De Estudios Superiores Iztacala","D9484 TECNICO ACADEMICO TITULAR A TIEMPO COMPLETO",13180.14,13180.14,708.07,0,"BENITEZ","Edaena",NA,"EDAENA","RANGEL","Tecnico",NA,0,15143.21,13888.21,402,"Femenino"
"10","12340","Perez Acosta, Othoniel","Plantel Cinco Jose Vasconcelos E.n.p.","D5356 PROFESOR ASOCIADO C MEDIO TIEMPO",7900.88,7900.88,6336.41,0,"PEREZ","Othoniel",NA,"OTHONIEL","ACOSTA","Profesor",NA,0,15492.29,14237.29,434,"Masculino"
"11","12166","Carrion Parga, Ady","Facultad De Artes Y Diseño","D5686 PROFESOR ASOCIADO C TIEMPO COMPLETO",14665.97,14665.97,708.07,0,"CARRION","Ady",NA,"ADY","PARGA","Profesor",NA,0,16629.04,15374.04,507,"Femenino"
"12","12176","Millan Benitez, Procoro","Facultad De Psicologia","D5686 PROFESOR ASOCIADO C TIEMPO COMPLETO",14665.97,14665.97,708.07,0,"MILLAN","Procoro",NA,"PROCORO","BENITEZ","Profesor",NA,0,16629.04,15374.04,513,"Masculino"
"13","12201","Rubio Dominguez, Severino","Escuela Nacional De Enfermeria Y Obstetricia","D5686 PROFESOR ASOCIADO C TIEMPO COMPLETO",14665.97,14665.97,708.07,0,"RUBIO","Severino",NA,"SEVERINO","DOMINGUEZ","Profesor",NA,0,16629.04,15374.04,526,"Masculino"
"14","12097","Suarez Arana, Abenhamar","Facultad De Contaduria Y Administracion","D7658 TECNICO ACADEMICO AUXILIAR C TIEMPO COMPLETO",8227.14,8227.14,7549.23,0,"SUAREZ","Abenhamar",NA,"ABENHAMAR","ARANA","Tecnico",NA,0,17031.37,15776.37,589,"Masculino"
"15","11985","Perez Campillo, Yosajandi","Plantel Nueve Pedro De Alba E.n.p.","D6489 PROFESOR TITULAR A TIEMPO COMPLETO",16726.36,16726.36,708.07,0,"PEREZ","Yosajandi",NA,"YOSAJANDI","CAMPILLO","Profesor",NA,0,18689.43,17434.43,652,"Masculino"
"16","11887","Benitez Rumbo, Josafath","Plantel Tres Justo Sierra E.n.p.","D7544 TECNICO ACADEMICO AUXILIAR B TIEMPO COMPLETO",7291.78,7291.78,10500.55,0,"BENITEZ","Josafath",NA,"JOSAFATH","RUMBO","Tecnico",NA,0,19047.33,17792.33,693,"Masculino"
"17","11797","Garcia Olivares, Teoauializtli","Facultad De Contaduria Y Administracion","D8467 TECNICO ACADEMICO ASOCIADO A TIEMPO COMPLETO",10202.88,10202.88,9222.55,0,"GARCIA","Teoauializtli",NA,"TEOAUIALIZTLI","OLIVARES","Tecnico",NA,0,20680.43,19425.43,738,"Masculino"
"18","11835","Yap Campos, Kweilan","Facultad De Medicina","D8467 TECNICO ACADEMICO ASOCIADO A TIEMPO COMPLETO",10202.88,10202.88,9222.55,0,"YAP","Kweilan",NA,"KWEILAN","CAMPOS","Tecnico",NA,0,20680.43,19425.43,768,"Masculino"
"19","11853","Mendez Merlin, Marle","Facultad De Medicina","D8467 TECNICO ACADEMICO ASOCIADO A TIEMPO COMPLETO",10202.88,10202.88,9222.55,0,"MENDEZ","Marle",NA,"MARLE","MERLIN","Tecnico",NA,0,20680.43,19425.43,783,"Femenino"
"20","11767","Sanchez Arroyo, Jacquelinne","Facultad De Ciencias Politicas Y Sociales","D7658 TECNICO ACADEMICO AUXILIAR C TIEMPO COMPLETO",8227.14,8227.14,11849.47,0,"SANCHEZ","Jacquelinne",NA,"JACQUELINNE","ARROYO","Tecnico",NA,0,21331.61,20076.61,803,"Femenino"
"21","11661","Martin Del Campo Treviño, Eliete","Facultad De Ciencias","D8578 TECNICO ACADEMICO ASOCIADO B TIEMPO COMPLETO",11138.35,11138.35,10116.55,0,"MARTIN DEL CAMPO","Eliete",NA,"ELIETE","TREVIÑO","Tecnico",NA,0,22509.9,21254.9,897,"Femenino"
"22","11673","Flores Muñoz, Yezmin","Plantel Sur C.c.h.","D8578 TECNICO ACADEMICO ASOCIADO B TIEMPO COMPLETO",11138.35,11138.35,10116.55,0,"FLORES","Yezmin",NA,"YEZMIN","MUÑOZ","Tecnico",NA,0,22509.9,21254.9,909,"Femenino"
"23","11585","Reynoso Andrade, Mayelly","Facultad De Ingenieria","D8467 TECNICO ACADEMICO ASOCIADO A TIEMPO COMPLETO",10202.88,10202.88,11776.89,0,"REYNOSO","Mayelly",NA,"MAYELLY","ANDRADE","Tecnico",NA,0,23234.77,21979.77,964,"Femenino"
"24","11512","Diaz Ferro, Nismet","Facultad De Ingenieria","D8578 TECNICO ACADEMICO ASOCIADO B TIEMPO COMPLETO",11138.35,11138.35,11621.91,0,"DIAZ","Nismet",NA,"NISMET","FERRO","Tecnico",NA,0,24015.26,22760.26,1022,"Masculino"
"25","11145","Gonzalez Becuar, Elizard","Instituto De Geologia","I8682 TECNICO ACADEMICO ASOCIADO C TIEMPO COMPLETO",12155.64,12155.64,11088.75,0,"GONZALEZ","Elizard",NA,"ELIZARD","BECUAR","Tecnico",NA,0,24499.39,23244.39,1050,"Masculino"
"26","11211","Hernandez Torres, Yeudiel","Facultad De Ciencias","D8682 TECNICO ACADEMICO ASOCIADO C TIEMPO COMPLETO",12155.64,12155.64,11088.75,0,"HERNANDEZ","Yeudiel",NA,"YEUDIEL","TORRES","Tecnico",NA,0,24499.39,23244.39,1103,"Masculino"
"27","11230","Perez Bernal, Libia","Instituto De Ciencias Del Mar Y Limnologia","I8682 TECNICO ACADEMICO ASOCIADO C TIEMPO COMPLETO",12155.64,12155.64,11088.75,0,"PEREZ","Libia","Hascibe","LIBIA HASCIBE","BERNAL","Tecnico",NA,0,24499.39,23244.39,1118,"Femenino"
"28","11260","Muñoz Gutierrez, Stalin","Centro De Ciencias De La Complejidad","I8682 TECNICO ACADEMICO ASOCIADO C TIEMPO COMPLETO",12155.64,12155.64,11088.75,0,"MUÑOZ","Stalin",NA,"STALIN","GUTIERREZ","Tecnico",NA,0,24499.39,23244.39,1145,"Masculino"
"29","11332","Ramirez Graullera, Yoas","Instituto De Fisiologia Celular","I8682 TECNICO ACADEMICO ASOCIADO C TIEMPO COMPLETO",12155.64,12155.64,11088.75,0,"RAMIREZ","Yoas","Saimon","YOAS SAIMON","GRAULLERA","Tecnico",NA,0,24499.39,23244.39,1204,"Femenino"
"30","12276","Fuentes Hernandez, Ayari","Centro De Ciencias Genomicas","I5686 INVESTIGADOR ASOCIADO C TIEMPO COMPLETO",14665.97,14665.97,708.07,0,"FUENTES","Ayari",NA,"AYARI","HERNANDEZ","Investigador","C",8186.96,24816,23561,1371,"Masculino"
"31","11041","Maldonado Rodriguez, Viela","Plantel Uno Gabino Barreda E.n.p.","D6696 PROFESOR TITULAR C TIEMPO COMPLETO",23371.12,23371.12,808.07,0,"MALDONADO","Viela","Edma","VIELA EDMA","RODRIGUEZ","Profesor",NA,0,25434.19,24179.19,1436,"Femenino"
"32","11001","Reyes Galicia, Everaldo","Plantel Tres Justo Sierra E.n.p.","D8578 TECNICO ACADEMICO ASOCIADO B TIEMPO COMPLETO",11138.35,11138.35,13401.47,0,"REYES","Everaldo",NA,"EVERALDO","GALICIA","Tecnico",NA,0,25794.82,24539.82,1468,"Masculino"
"33","10877","Molas Gonzalez, Alaciel","Centro Universitario De Teatro","D5584 PROFESOR ASOCIADO B TIEMPO COMPLETO",13180.11,13180.11,12067.81,0,"MOLAS","Alaciel",NA,"ALACIEL","GONZALEZ","Profesor",NA,0,26502.92,25247.92,1509,"Masculino"
"34","10924","Navarrete Quan, Yosahandi","Facultad De Filosofia Y Letras","D5584 PROFESOR ASOCIADO B TIEMPO COMPLETO",13180.11,13180.11,12067.81,0,"NAVARRETE","Yosahandi",NA,"YOSAHANDI","QUAN","Profesor",NA,0,26502.92,25247.92,1542,"Masculino"
"35","10933","Figueroa Martinez, Jeanett","Plantel Azcapotzalco C.c.h.","D5584 PROFESOR ASOCIADO B TIEMPO COMPLETO",13180.11,13180.11,12067.81,0,"FIGUEROA","Jeanett",NA,"JEANETT","MARTINEZ","Profesor",NA,0,26502.92,25247.92,1547,"Femenino"
"36","10956","Buenrostro Nava, Arlahe","Plantel Sur C.c.h.","D5584 PROFESOR ASOCIADO B TIEMPO COMPLETO",13180.11,13180.11,12067.81,0,"BUENROSTRO","Arlahe",NA,"ARLAHE","NAVA","Profesor",NA,0,26502.92,25247.92,1568,"Masculino"
"37","10707","Sanchez Guevara, Yoloxochitl","Instituto De Biotecnologia","I9484 TECNICO ACADEMICO TITULAR A TIEMPO COMPLETO",13180.14,13180.14,12067.83,0,"SANCHEZ","Yoloxochitl",NA,"YOLOXOCHITL","GUEVARA","Tecnico",NA,0,26502.97,25247.97,1578,"Femenino"
"38","10714","Marquez Vazquez, Marjiorie","Facultad De Estudios Superiores Aragon","D9484 TECNICO ACADEMICO TITULAR A TIEMPO COMPLETO",13180.14,13180.14,12067.83,0,"MARQUEZ","Marjiorie",NA,"MARJIORIE","VAZQUEZ","Tecnico",NA,0,26502.97,25247.97,1584,"Femenino"
"39","10720","Gomez Altamirano, Libia","Direccion General De Orientacion Y Atencion Educativa","D9484 TECNICO ACADEMICO TITULAR A TIEMPO COMPLETO",13180.14,13180.14,12067.83,0,"GOMEZ","Libia",NA,"LIBIA","ALTAMIRANO","Tecnico",NA,0,26502.97,25247.97,1589,"Femenino"
"40","10768","Cruz Alaniz, Yuria","Instituto De Neurobiologia En Queretaro, Qro.","I9484 TECNICO ACADEMICO TITULAR A TIEMPO COMPLETO",13180.14,13180.14,12067.83,0,"CRUZ","Yuria",NA,"YURIA","ALANIZ","Tecnico",NA,0,26502.97,25247.97,1625,"Femenino"
"41","10829","Guzman Morales, Absalon","Direccion General De Asuntos Del Personal Academico","I9484 TECNICO ACADEMICO TITULAR A TIEMPO COMPLETO",13180.14,13180.14,12067.83,0,"GUZMAN","Absalon",NA,"ABSALON","MORALES","Tecnico",NA,0,26502.97,25247.97,1676,"Masculino"
"42","10673","Figueroa Marban, Nicomedes","Facultad De Estudios Superiores Cuautitlan","D8467 TECNICO ACADEMICO ASOCIADO A TIEMPO COMPLETO",10202.88,10202.88,15379.17,0,"FIGUEROA","Nicomedes",NA,"NICOMEDES","MARBAN","Tecnico",NA,0,26837.05,25582.05,1731,"Masculino"
"43","10668","Lopez Chavez, Ruffo","Facultad De Contaduria Y Administracion","D8682 TECNICO ACADEMICO ASOCIADO C TIEMPO COMPLETO",12155.64,12155.64,13464.33,0,"LOPEZ","Ruffo",NA,"RUFFO","CHAVEZ","Tecnico",NA,0,26874.97,25619.97,1736,"Masculino"
"44","10554","Barrondo Corral, Aritz","Centro De Nanociencias Y Nanotecnologia En Ensenada, B. C.","I9484 TECNICO ACADEMICO TITULAR A TIEMPO COMPLETO",13180.14,13180.14,13431.01,0,"BARRONDO","Aritz",NA,"ARITZ","CORRAL","Tecnico",NA,0,27866.15,26611.15,1841,"Femenino"
"45","10466","Chacon Albarran, Nizaguie","Facultad De Contaduria Y Administracion","D9484 TECNICO ACADEMICO TITULAR A TIEMPO COMPLETO",13180.14,13180.14,14274.25,0,"CHACON","Nizaguie",NA,"NIZAGUIE","ALBARRAN","Tecnico",NA,0,28709.39,27454.39,1925,"Femenino"
"46","10421","Taboada Castro, Hermenegildo","Centro De Ciencias Genomicas","I8578 TECNICO ACADEMICO ASOCIADO B TIEMPO COMPLETO",11138.35,11138.35,16702.51,0,"TABOADA","Hermenegildo",NA,"HERMENEGILDO","CASTRO","Tecnico",NA,0,29095.86,27840.86,1962,"Masculino"
"47","9353","Cavalletti, Giuditta","Instituto De Investigaciones Filologicas","I5686 INVESTIGADOR ASOCIADO C TIEMPO COMPLETO",14665.97,14665.97,13487.79,0,"CAVALLETTI","Giuditta",NA,"GIUDITTA",NA,"Investigador",NA,0,29408.76,28153.76,2017,"Femenino"
"48","9383","Ortega Flores, Berlaine","Centro De Geociencias En Juriquilla, Qro.","I5686 INVESTIGADOR ASOCIADO C TIEMPO COMPLETO",14665.97,14665.97,13487.79,0,"ORTEGA","Berlaine",NA,"BERLAINE","FLORES","Investigador",NA,0,29408.76,28153.76,2037,"Masculino"
"49","9437","Mohammadi Shirmahaleh, Shekoufeh","Instituto De Investigaciones Filologicas","I5686 INVESTIGADOR ASOCIADO C TIEMPO COMPLETO",14665.97,14665.97,13487.79,0,"MOHAMMADI SHIRMAHALEH","Shekoufeh",NA,"SHEKOUFEH",NA,"Investigador",NA,0,29408.76,28153.76,2065,"Masculino"
"50","9462","Gomez Moya, Rosinna","Direccion General De Asuntos Del Personal Academico","D5686 PROFESOR ASOCIADO C TIEMPO COMPLETO",14665.97,14665.97,13487.79,0,"GOMEZ","Rosinna",NA,"ROSINNA","MOYA","Profesor",NA,0,29408.76,28153.76,2081,"Femenino"
"51","9469","Muley, Vijaykumar","Instituto De Neurobiologia En Queretaro, Qro.","I5686 INVESTIGADOR ASOCIADO C TIEMPO COMPLETO",14665.97,14665.97,13487.79,0,"MULEY","Vijaykumar",NA,"VIJAYKUMAR",NA,"Investigador",NA,0,29408.76,28153.76,2085,"Masculino"
"52","9507","Torres Sanchez, Nadiezdha","Direccion General De Asuntos Del Personal Academico","I5686 INVESTIGADOR ASOCIADO C TIEMPO COMPLETO",14665.97,14665.97,13487.79,0,"TORRES","Nadiezdha",NA,"NADIEZDHA","SANCHEZ","Investigador",NA,0,29408.76,28153.76,2106,"Femenino"
"53","9526","Mora Peralta, Idanely","Instituto De Investigaciones Filologicas","I5686 INVESTIGADOR ASOCIADO C TIEMPO COMPLETO",14665.97,14665.97,13487.79,0,"MORA","Idanely",NA,"IDANELY","PERALTA","Investigador",NA,0,29408.76,28153.76,2117,"Femenino"
"54","9595","Embleton Marquez, Dagmar","Direccion General De Asuntos Del Personal Academico","D5686 PROFESOR ASOCIADO C TIEMPO COMPLETO",14665.97,14665.97,13487.79,0,"EMBLETON","Dagmar",NA,"DAGMAR","MARQUEZ","Profesor",NA,0,29408.76,28153.76,2159,"Femenino"
"55","9600","Nakamura Matus, Hatsuko","Facultad De Filosofia Y Letras","D5686 PROFESOR ASOCIADO C TIEMPO COMPLETO",14665.97,14665.97,13487.79,0,"NAKAMURA","Hatsuko","Yali","HATSUKO YALI","MATUS","Profesor",NA,0,29408.76,28153.76,2163,"Masculino"
"56","9602","Rosales Arroyo, Espartaco","Plantel Vallejo C.c.h.","D5686 PROFESOR ASOCIADO C TIEMPO COMPLETO",14665.97,14665.97,13487.79,0,"ROSALES","Espartaco",NA,"ESPARTACO","ARROYO","Profesor",NA,0,29408.76,28153.76,2165,"Masculino"
"57","9664","Chauhan, Kanchan","Centro De Nanociencias Y Nanotecnologia En Ensenada, B. C.","I5686 INVESTIGADOR ASOCIADO C TIEMPO COMPLETO",14665.97,14665.97,13487.79,0,"CHAUHAN","Kanchan",NA,"KANCHAN",NA,"Investigador",NA,0,29408.76,28153.76,2199,"Masculino"
"58","9721","Barrera Garcia, Kirareset","Facultad De Psicologia","D5686 PROFESOR ASOCIADO C TIEMPO COMPLETO",14665.97,14665.97,13487.79,0,"BARRERA","Kirareset",NA,"KIRARESET","GARCIA","Profesor",NA,0,29408.76,28153.76,2230,"Masculino"
"59","9749","Caldera Chapul, Ix","Plantel Oriente C.c.h.","D5686 PROFESOR ASOCIADO C TIEMPO COMPLETO",14665.97,14665.97,13487.79,0,"CALDERA","Ix","Chel","IX CHEL TATIANA","CHAPUL","Profesor",NA,0,29408.76,28153.76,2246,"Masculino"
"60","9766","Petrova Georgieva, Virdzhiniya","Instituto De Investigaciones Juridicas","I5686 INVESTIGADOR ASOCIADO C TIEMPO COMPLETO",14665.97,14665.97,13487.79,0,"PETROVA","Virdzhiniya",NA,"VIRDZHINIYA","GEORGIEVA","Investigador",NA,0,29408.76,28153.76,2251,"Femenino"
"61","9782","Ruiz Aguilar, Criseida","Escuela Nacional De Estudios Superiores, Unidad Juriquilla, Qro.","D5686 PROFESOR ASOCIADO C TIEMPO COMPLETO",14665.97,14665.97,13487.79,0,"RUIZ","Criseida",NA,"CRISEIDA","AGUILAR","Profesor",NA,0,29408.76,28153.76,2255,"Femenino"
"62","9854","Salgado Nieto, Uberto","Instituto De Investigaciones Economicas","I5686 INVESTIGADOR ASOCIADO C TIEMPO COMPLETO",14665.97,14665.97,13487.79,0,"SALGADO","Uberto",NA,"UBERTO","NIETO","Investigador",NA,0,29408.76,28153.76,2297,"Masculino"
"63","9865","Miquelajauregui Graf, Yosune","Instituto De Ecologia","I5686 INVESTIGADOR ASOCIADO C TIEMPO COMPLETO",14665.97,14665.97,13487.79,0,"MIQUELAJAUREGUI","Yosune",NA,"YOSUNE","GRAF","Investigador",NA,0,29408.76,28153.76,2304,"Femenino"
"64","9891","Mujica Ortega, Hoover","Facultad De Ingenieria","D5686 PROFESOR ASOCIADO C TIEMPO COMPLETO",14665.97,14665.97,13487.79,0,"MUJICA","Hoover",NA,"HOOVER","ORTEGA","Profesor",NA,0,29408.76,28153.76,2320,"Masculino"
"65","9902","Valenzuela Jimenez, Melly","Plantel Vallejo C.c.h.","D5686 PROFESOR ASOCIADO C TIEMPO COMPLETO",14665.97,14665.97,13487.79,0,"VALENZUELA","Melly",NA,"MELLY","JIMENEZ","Profesor",NA,0,29408.76,28153.76,2324,"Femenino"
"66","9959","Martinez Espinoza, Yanella","Direccion General De Asuntos Del Personal Academico","D5686 PROFESOR ASOCIADO C TIEMPO COMPLETO",14665.97,14665.97,13487.79,0,"MARTINEZ","Yanella",NA,"YANELLA","ESPINOZA","Profesor",NA,0,29408.76,28153.76,2355,"Femenino"
"67","9995","Babynets, Nelya","Plantel Seis Antonio Caso E.n.p.","D5686 PROFESOR ASOCIADO C TIEMPO COMPLETO",14665.97,14665.97,13487.79,0,"BABYNETS","Nelya",NA,"NELYA",NA,"Profesor",NA,0,29408.76,28153.76,2375,"Femenino"
"68","10022","Flores Moran, Aban","Centro De Enseñanza Para Extranjeros","D5686 PROFESOR ASOCIADO C TIEMPO COMPLETO",14665.97,14665.97,13487.79,0,"FLORES","Aban",NA,"ABAN","MORAN","Profesor",NA,0,29408.76,28153.76,2391,"Masculino"
"69","10026","Rios Guerra, Hulme","Facultad De Estudios Superiores Cuautitlan","D5686 PROFESOR ASOCIADO C TIEMPO COMPLETO",14665.97,14665.97,13487.79,0,"RIOS","Hulme",NA,"HULME","GUERRA","Profesor",NA,0,29408.76,28153.76,2393,"Masculino"
"70","10032","Perez Avila, Alef","Plantel Vallejo C.c.h.","D5686 PROFESOR ASOCIADO C TIEMPO COMPLETO",14665.97,14665.97,13487.79,0,"PEREZ","Alef",NA,"ALEF","AVILA","Profesor",NA,0,29408.76,28153.76,2396,"Masculino"
"71","10079","Pelaez Valdes, Canek","Facultad De Ciencias","D5686 PROFESOR ASOCIADO C TIEMPO COMPLETO",14665.97,14665.97,13487.79,0,"PELAEZ","Canek",NA,"CANEK","VALDES","Profesor",NA,0,29408.76,28153.76,2418,"Masculino"
"72","10118","Quezada Ramirez, Yarisbeth","Escuela Nacional De Enfermeria Y Obstetricia","D5686 PROFESOR ASOCIADO C TIEMPO COMPLETO",14665.97,14665.97,13487.79,0,"QUEZADA","Yarisbeth",NA,"YARISBETH","RAMIREZ","Profesor",NA,0,29408.76,28153.76,2433,"Femenino"
"73","10139","Ruiz Herrera, Xarubet","Instituto De Neurobiologia En Queretaro, Qro.","I9585 TECNICO ACADEMICO TITULAR B TIEMPO COMPLETO",14665.97,14665.97,13487.79,0,"RUIZ","Xarubet",NA,"XARUBET","HERRERA","Tecnico",NA,0,29408.76,28153.76,2446,"Masculino"
"74","10262","Reyes Martinez, Isaid","Plantel Vallejo C.c.h.","D5686 PROFESOR ASOCIADO C TIEMPO COMPLETO",14665.97,14665.97,13487.79,0,"REYES","Isaid",NA,"ISAID","MARTINEZ","Profesor",NA,0,29408.76,28153.76,2496,"Masculino"
"75","10365","Mendez Picasso, Yancuictonal","Direccion General De Asuntos Del Personal Academico","D5686 PROFESOR ASOCIADO C TIEMPO COMPLETO",14665.97,14665.97,13487.79,0,"MENDEZ","Yancuictonal",NA,"YANCUICTONAL","PICASSO","Profesor",NA,0,29408.76,28153.76,2555,"Masculino"
"76","10376","Perez Ramos, Yumari","Facultad De Arquitectura","D5686 PROFESOR ASOCIADO C TIEMPO COMPLETO",14665.97,14665.97,13487.79,0,"PEREZ","Yumari",NA,"YUMARI","RAMOS","Profesor",NA,0,29408.76,28153.76,2563,"Femenino"
"77","9313","Ortiz Quintero, Claudya","Facultad De Artes Y Diseño","D5480 PROFESOR ASOCIADO A TIEMPO COMPLETO",11859.37,11859.37,16359.27,0,"ORTIZ","Claudya",NA,"CLAUDYA","QUINTERO","Profesor",NA,0,29473.64,28218.64,2577,"Femenino"
"78","9309","Ramirez Perez, Maritoña","Facultad De Medicina","D8578 TECNICO ACADEMICO ASOCIADO B TIEMPO COMPLETO",11138.35,11138.35,17131.55,0,"RAMIREZ","Maritoña",NA,"MARITOÑA","PEREZ","Tecnico",NA,0,29524.9,28269.9,2582,NA
"79","9226","Guerrero Galache, Isset","Instituto De Investigaciones Esteticas","I8682 TECNICO ACADEMICO ASOCIADO C TIEMPO COMPLETO",12155.64,12155.64,16726.27,0,"GUERRERO","Isset",NA,"ISSET","GALACHE","Tecnico",NA,0,30136.91,28881.91,2659,"Femenino"
"80","9186","Martinez Cordova, Citlalin","Instituto De Investigaciones Economicas","I8682 TECNICO ACADEMICO ASOCIADO C TIEMPO COMPLETO",12155.64,12155.64,16997.75,0,"MARTINEZ","Citlalin",NA,"CITLALIN","CORDOVA","Tecnico",NA,0,30408.39,29153.39,2688,"Femenino"
"81","9133","De Sales Yordi, Helida","Instituto De Investigaciones Economicas","I8682 TECNICO ACADEMICO ASOCIADO C TIEMPO COMPLETO",12155.64,12155.64,17269.25,0,"DE SALES","Helida",NA,"HELIDA","YORDI","Tecnico",NA,0,30679.89,29424.89,2728,"Femenino"
"82","12170","Garcia Arrazola, Roeb","Facultad De Quimica","D5686 PROFESOR ASOCIADO C TIEMPO COMPLETO",14665.97,14665.97,708.07,0,"GARCIA","Roeb",NA,"ROEB","ARRAZOLA","Profesor","1",14327.18,30956.22,29701.22,2795,"Masculino"
"83","9038","Maldonado Figueroa, Erandeni","Escuela Nacional De Lenguas, Linguistica Y Traduccion","D8682 TECNICO ACADEMICO ASOCIADO C TIEMPO COMPLETO",12155.64,12155.64,17812.23,0,"MALDONADO","Erandeni",NA,"ERANDENI","FIGUEROA","Tecnico",NA,0,31222.87,29967.87,2843,"Femenino"
"84","9020","Bustamante, Gregoria","Escuela Nacional De Artes Cinematograficas","D8682 TECNICO ACADEMICO ASOCIADO C TIEMPO COMPLETO",12155.64,12155.64,17941.71,0,"BUSTAMANTE","Gregoria",NA,"GREGORIA",NA,"Tecnico",NA,0,31352.35,30097.35,2869,"Femenino"
"85","8946","Vargas Olvera, Libia","Plantel Vallejo C.c.h.","D8682 TECNICO ACADEMICO ASOCIADO C TIEMPO COMPLETO",12155.64,12155.64,18355.23,0,"VARGAS","Libia",NA,"LIBIA","OLVERA","Tecnico",NA,0,31765.87,30510.87,2906,"Femenino"
"86","8882","Vargas Hernandez, Hesiquio","Instituto De Fisica","I9484 TECNICO ACADEMICO TITULAR A TIEMPO COMPLETO",13180.14,13180.14,17642.85,0,"VARGAS","Hesiquio",NA,"HESIQUIO","HERNANDEZ","Tecnico",NA,0,32077.99,30822.99,2960,"Masculino"
"87","8891","Dominguez Vargas, Higicel","Centro De Ciencias De La Atmosfera","I9484 TECNICO ACADEMICO TITULAR A TIEMPO COMPLETO",13180.14,13180.14,17642.85,0,"DOMINGUEZ","Higicel",NA,"HIGICEL","VARGAS","Tecnico",NA,0,32077.99,30822.99,2966,"Masculino"
"88","8793","Schnabel Peraza, Denhi","Instituto De Biotecnologia","I5686 INVESTIGADOR ASOCIADO C TIEMPO COMPLETO",14665.97,14665.97,16639.25,0,"SCHNABEL","Denhi",NA,"DENHI","PERAZA","Investigador",NA,0,32560.22,31305.22,3039,"Masculino"
"89","8759","Acevedo Frometa, Onix","Instituto De Investigaciones Historicas","I9484 TECNICO ACADEMICO TITULAR A TIEMPO COMPLETO",13180.14,13180.14,18237.05,0,"ACEVEDO","Onix",NA,"ONIX","FROMETA","Tecnico",NA,0,32672.19,31417.19,3065,"Masculino"
"90","8765","Bustamante Ortega, Enriquena","Instituto De Geologia","I9484 TECNICO ACADEMICO TITULAR A TIEMPO COMPLETO",13180.14,13180.14,18237.05,0,"BUSTAMANTE","Enriquena",NA,"ENRIQUENA","ORTEGA","Tecnico",NA,0,32672.19,31417.19,3071,"Femenino"
"91","11914","Gomez Maqueo Chew, Yilen","Instituto De Astronomia","I6489 INVESTIGADOR TITULAR A TIEMPO COMPLETO",16726.36,16726.36,708.07,0,"GOMEZ MAQUEO","Yilen",NA,"YILEN","CHEW","Investigador","1",14327.18,33016.61,31761.61,3141,"Masculino"
"92","12001","Alcauter Solorzano, Sarael","Instituto De Neurobiologia En Queretaro, Qro.","I6489 INVESTIGADOR TITULAR A TIEMPO COMPLETO",16726.36,16726.36,708.07,0,"ALCAUTER","Sarael",NA,"SARAEL","SOLORZANO","Investigador","1",14327.18,33016.61,31761.61,3172,"Masculino"
"93","12005","Luque Sanchez, Pau","Instituto De Investigaciones Filosoficas","I6489 INVESTIGADOR TITULAR A TIEMPO COMPLETO",16726.36,16726.36,708.07,0,"LUQUE","Pau",NA,"PAU","SANCHEZ","Investigador","1",14327.18,33016.61,31761.61,3173,"Femenino"
"94","12064","Kajdic, Primoz","Instituto De Geofisica","I6489 INVESTIGADOR TITULAR A TIEMPO COMPLETO",16726.36,16726.36,708.07,0,"KAJDIC","Primoz",NA,"PRIMOZ",NA,"Investigador","1",14327.18,33016.61,31761.61,3192,"Masculino"
"95","8639","Rodriguez Sobreyra, Ranulfo","Instituto De Ciencias Del Mar Y Limnologia","I9484 TECNICO ACADEMICO TITULAR A TIEMPO COMPLETO",13180.14,13180.14,18883.69,0,"RODRIGUEZ","Ranulfo",NA,"RANULFO","SOBREYRA","Tecnico",NA,0,33318.83,32063.83,3233,"Masculino"
"96","8459","Srinivasan, Sundar","Instituto De Radioastronomia Y Astrofisica En Morelia, Mich.","I6489 INVESTIGADOR TITULAR A TIEMPO COMPLETO",16726.36,16726.36,15456.85,0,"SRINIVASAN","Sundar",NA,"SUNDAR",NA,"Investigador",NA,0,33438.21,32183.21,3253,"Femenino"
"97","8498","Hernandez Morales, Ilane","Escuela Nacional De Estudios Superiores, Unidad Leon, Gto.","D6489 PROFESOR TITULAR A TIEMPO COMPLETO",16726.36,16726.36,15456.85,0,"HERNANDEZ","Ilane",NA,"ILANE","MORALES","Profesor",NA,0,33438.21,32183.21,3267,"Femenino"
"98","8384","Morales Barrios, Minelia","Instituto De Investigaciones Bibliotecologicas Y De La Informacion","I9484 TECNICO ACADEMICO TITULAR A TIEMPO COMPLETO",13180.14,13180.14,19167.69,0,"MORALES","Minelia",NA,"MINELIA","BARRIOS","Tecnico",NA,0,33602.83,32347.83,3345,"Femenino"
"99","8325","Lara Astorga, Eliff","Instituto De Investigaciones Filologicas","I9484 TECNICO ACADEMICO TITULAR A TIEMPO COMPLETO",13180.14,13180.14,19425.47,0,"LARA","Eliff",NA,"ELIFF","ASTORGA","Tecnico",NA,0,33860.61,32605.61,3389,"Masculino"
"100","8265","Zimerman Sonabend, Toña","Direccion General De Computo Y De Tecnologias De Informacion Y Comunicacion","I9484 TECNICO ACADEMICO TITULAR A TIEMPO COMPLETO",13180.14,13180.14,19945.15,0,"ZIMERMAN","Toña",NA,"TOÑA","SONABEND","Tecnico",NA,0,34380.29,33125.29,3448,NA
"101","8214","Monroy Casillas, Ilihutsy","Instituto De Investigaciones Sobre La Universidad Y La Educacion","I8682 TECNICO ACADEMICO ASOCIADO C TIEMPO COMPLETO",12155.64,12155.64,21165.99,0,"MONROY","Ilihutsy",NA,"ILIHUTSY","CASILLAS","Tecnico",NA,0,34576.63,33321.63,3488,"Femenino"
"102","8156","Nuñez Mendoza, Hilaria","Facultad De Contaduria Y Administracion","D8682 TECNICO ACADEMICO ASOCIADO C TIEMPO COMPLETO",12155.64,12155.64,21409.55,0,"NUÑEZ","Hilaria",NA,"HILARIA","MENDOZA","Tecnico",NA,0,34820.19,33565.19,3535,"Femenino"
"103","8054","Romero Arteaga, Fidelia","Instituto De Biotecnologia","I9484 TECNICO ACADEMICO TITULAR A TIEMPO COMPLETO",13180.14,13180.14,20910.97,0,"ROMERO","Fidelia",NA,"FIDELIA","ARTEAGA","Tecnico",NA,0,35346.11,34091.11,3641,"Femenino"
"104","8017","Espinoza Camacho, Seymur","Facultad De Ciencias Politicas Y Sociales","D5686 PROFESOR ASOCIADO C TIEMPO COMPLETO",14665.97,14665.97,19488.69,0,"ESPINOZA","Seymur",NA,"SEYMUR","CAMACHO","Profesor",NA,0,35409.66,34154.66,3662,"Masculino"
"105","7958","Gatica Lara, Florina","Facultad De Medicina","D9484 TECNICO ACADEMICO TITULAR A TIEMPO COMPLETO",13180.14,13180.14,21208.07,0,"GATICA","Florina",NA,"FLORINA","LARA","Tecnico",NA,0,35643.21,34388.21,3698,"Femenino"
"106","7932","Cabellos Avelar, Tecilli","Facultad De Estudios Superiores Iztacala","D9484 TECNICO ACADEMICO TITULAR A TIEMPO COMPLETO",13180.14,13180.14,21295.45,0,"CABELLOS","Tecilli",NA,"TECILLI","AVELAR","Tecnico",NA,0,35730.59,34475.59,3723,"Masculino"
"107","7839","Garcia Flores, Sinhue","Plantel Uno Gabino Barreda E.n.p.","D5584 PROFESOR ASOCIADO B TIEMPO COMPLETO",13180.11,13180.11,21775.41,0,"GARCIA","Sinhue",NA,"SINHUE","FLORES","Profesor",NA,0,36210.52,34955.52,3804,"Masculino"
"108","7747","Flores Roman, Delibes","Centro De Ciencias De La Atmosfera","I9484 TECNICO ACADEMICO TITULAR A TIEMPO COMPLETO",13180.14,13180.14,22247.93,0,"FLORES","Delibes",NA,"DELIBES","ROMAN","Tecnico",NA,0,36683.07,35428.07,3870,"Masculino"
"109","10483","Takahashi Iñiguez, Toshiko","Instituto De Investigaciones Biomedicas","I9484 TECNICO ACADEMICO TITULAR A TIEMPO COMPLETO",13180.14,13180.14,14112.59,0,"TAKAHASHI","Toshiko",NA,"TOSHIKO","IÑIGUEZ","Tecnico","C",8186.96,36734.69,35479.69,3891,"Masculino"
"110","7712","Lopez Santos, Godofredo","Facultad De Contaduria Y Administracion","D5686 PROFESOR ASOCIADO C TIEMPO COMPLETO",14665.97,14665.97,20836.15,0,"LOPEZ","Godofredo","Netzahualcoyotl","GODOFREDO NETZAHUALCOYOTL","SANTOS","Profesor",NA,0,36757.12,35502.12,3895,"Masculino"
"111","7714","Sanchez Martinez, Panfilo","Direccion General De Bibliotecas","I9585 TECNICO ACADEMICO TITULAR B TIEMPO COMPLETO",14665.97,14665.97,20836.15,0,"SANCHEZ","Panfilo",NA,"PANFILO","MARTINEZ","Tecnico",NA,0,36757.12,35502.12,3896,"Masculino"
"112","7594","De Vreesse Pieters, Seppe","Plantel Vallejo C.c.h.","D6489 PROFESOR TITULAR A TIEMPO COMPLETO",16726.36,16726.36,19291.55,0,"DE VREESSE","Seppe",NA,"SEPPE","PIETERS","Profesor",NA,0,37272.91,36017.91,3995,"Masculino"
"113","7550","Cervantes Sarabia, Rocely","Facultad De Medicina","D9484 TECNICO ACADEMICO TITULAR A TIEMPO COMPLETO",13180.14,13180.14,22990.69,0,"CERVANTES","Rocely","Buenaventura","ROCELY BUENAVENTURA","SARABIA","Tecnico",NA,0,37425.83,36170.83,4039,"Femenino"
"114","9338","Torres Villa, Rogelia","Coordinacion Y Consejo Tecnico De Humanidades","I5686 INVESTIGADOR ASOCIADO C TIEMPO COMPLETO",14665.97,14665.97,13487.79,0,"TORRES","Rogelia",NA,"ROGELIA","VILLA","Investigador","C",8186.96,37595.72,36340.72,4064,"Femenino"
"115","9637","Melgar Manzanilla, Pastora","Facultad De Estudios Superiores Acatlan","D5686 PROFESOR ASOCIADO C TIEMPO COMPLETO",14665.97,14665.97,13487.79,0,"MELGAR","Pastora",NA,"PASTORA","MANZANILLA","Profesor","C",8186.96,37595.72,36340.72,4098,"Femenino"
"116","10000","Pierre Manigat, Matari","Instituto De Investigaciones Sociales","I5686 INVESTIGADOR ASOCIADO C TIEMPO COMPLETO",14665.97,14665.97,13487.79,0,"PIERRE","Matari",NA,"MATARI","MANIGAT","Investigador","C",8186.96,37595.72,36340.72,4153,"Femenino"
"117","10047","Ortega Luyando, Mayaro","Facultad De Estudios Superiores Iztacala","D5686 PROFESOR ASOCIADO C TIEMPO COMPLETO",14665.97,14665.97,13487.79,0,"ORTEGA","Mayaro",NA,"MAYARO","LUYANDO","Profesor","C",8186.96,37595.72,36340.72,4161,"Masculino"
"118","10075","Martinez Ortiz De Montellano, Cintli","Facultad De Medicina Veterinaria Y Zootecnia","D5686 PROFESOR ASOCIADO C TIEMPO COMPLETO",14665.97,14665.97,13487.79,0,"MARTINEZ","Cintli",NA,"CINTLI","ORTIZ DE MONTELLANO","Profesor","C",8186.96,37595.72,36340.72,4165,"Femenino"
"119","10198","Bernal Astorga, Yaminel","Escuela Nacional De Estudios Superiores, Unidad Morelia. Mich.","D5686 PROFESOR ASOCIADO C TIEMPO COMPLETO",14665.97,14665.97,13487.79,0,"BERNAL","Yaminel",NA,"YAMINEL","ASTORGA","Profesor","C",8186.96,37595.72,36340.72,4185,"Femenino"
"120","10331","Romero Perez, Atmir","Facultad De Medicina Veterinaria Y Zootecnia","D5686 PROFESOR ASOCIADO C TIEMPO COMPLETO",14665.97,14665.97,13487.79,0,"ROMERO","Atmir",NA,"ATMIR","PEREZ","Profesor","C",8186.96,37595.72,36340.72,4210,"Masculino"
"121","7455","Bobadilla Castillo, Zaudisareth","Facultad De Derecho","D6489 PROFESOR TITULAR A TIEMPO COMPLETO",16726.36,16726.36,19881.49,0,"BOBADILLA","Zaudisareth",NA,"ZAUDISARETH","CASTILLO","Profesor",NA,0,37862.85,36607.85,4289,"Masculino"
"122","7293","Sanchez Reyes, Acela","Facultad De Estudios Superiores Iztacala","D5686 PROFESOR ASOCIADO C TIEMPO COMPLETO",14665.97,14665.97,22728.53,0,"SANCHEZ","Acela",NA,"ACELA","REYES","Profesor",NA,0,38649.5,37394.5,4429,"Femenino"
"123","11415","Cortes Hernandez, Nashielly","Facultad De Medicina","D8682 TECNICO ACADEMICO ASOCIADO C TIEMPO COMPLETO",12155.64,12155.64,11088.75,0,"CORTES","Nashielly",NA,"NASHIELLY","HERNANDEZ","Tecnico","1",14327.18,38826.57,37571.57,4478,"Masculino"
"124","7209","Calderas Puebla, Ylleana","Plantel Cinco Jose Vasconcelos E.n.p.","D5686 PROFESOR ASOCIADO C TIEMPO COMPLETO",14665.97,14665.97,23102.09,0,"CALDERAS","Ylleana",NA,"YLLEANA","PUEBLA","Profesor",NA,0,39023.06,37768.06,4525,"Femenino"
"125","7105","Ceseña Borbon, Urania","Instituto De Astronomia","I9585 TECNICO ACADEMICO TITULAR B TIEMPO COMPLETO",14665.97,14665.97,23436.33,0,"CESEÑA","Urania",NA,"URANIA","BORBON","Tecnico",NA,0,39357.3,38102.3,4586,"Femenino"
"126","7106","Gomez Gallardo, Wulfrano","Facultad De Ingenieria","D5686 PROFESOR ASOCIADO C TIEMPO COMPLETO",14665.97,14665.97,23436.33,0,"GOMEZ","Wulfrano",NA,"WULFRANO","GALLARDO","Profesor",NA,0,39357.3,38102.3,4587,"Masculino"
"127","7120","Ortega Cuevas, Suyin","Instituto De Investigaciones En Matematicas Aplicadas Y En Sistemas","I9585 TECNICO ACADEMICO TITULAR B TIEMPO COMPLETO",14665.97,14665.97,23436.33,0,"ORTEGA","Suyin",NA,"SUYIN","CUEVAS","Tecnico",NA,0,39357.3,38102.3,4597,"Masculino"
"128","7074","Jimenez Celi, Draucin","Facultad De Estudios Superiores Cuautitlan","D9585 TECNICO ACADEMICO TITULAR B TIEMPO COMPLETO",14665.97,14665.97,23655.75,0,"JIMENEZ","Draucin",NA,"DRAUCIN","CELI","Tecnico",NA,0,39576.72,38321.72,4616,"Femenino"
"129","11754","Fritz, Jacopo","Instituto De Radioastronomia Y Astrofisica En Morelia, Mich.","I6593 INVESTIGADOR TITULAR B TIEMPO COMPLETO",19635.89,19635.89,708.07,0,"FRITZ","Jacopo",NA,"JACOPO",NA,"Investigador","2",18420.66,40019.62,38764.62,4693,"Masculino"
"130","11009","Celis Sandoval, Heliodoro","Instituto De Fisiologia Celular","I6696 INVESTIGADOR TITULAR C TIEMPO COMPLETO",23371.12,23371.12,1108.07,0,"CELIS","Heliodoro",NA,"HELIODORO","SANDOVAL","Investigador","1",14327.18,40061.37,38806.37,4715,"Masculino"
"131","6934","Ramirez Diaz, Evertina","Escuela Nacional De Enfermeria Y Obstetricia","D6489 PROFESOR TITULAR A TIEMPO COMPLETO",16726.36,16726.36,22298.17,0,"RAMIREZ","Evertina",NA,"EVERTINA","DIAZ","Profesor",NA,0,40279.53,39024.53,4733,"Femenino"
"132","10757","Castillo Cuero, Harvi","Centro De Nanociencias Y Nanotecnologia En Ensenada, B. C.","I9484 TECNICO ACADEMICO TITULAR A TIEMPO COMPLETO",13180.14,13180.14,12067.83,0,"CASTILLO","Harvi","Alirio","HARVI ALIRIO","CUERO","Tecnico","1",14327.18,40830.15,39575.15,4817,"Masculino"
"133","6724","Juarez Flores, Crescencio","Direccion General De Bibliotecas","I9484 TECNICO ACADEMICO TITULAR A TIEMPO COMPLETO",13180.14,13180.14,26704.45,0,"JUAREZ","Crescencio",NA,"CRESCENCIO","FLORES","Tecnico",NA,0,41139.59,39884.59,4878,"Masculino"
"134","6688","Nava Nuñez, Noreide","Instituto De Biotecnologia","I9585 TECNICO ACADEMICO TITULAR B TIEMPO COMPLETO",14665.97,14665.97,25358.19,0,"NAVA","Noreide",NA,"NOREIDE","NUÑEZ","Tecnico",NA,0,41279.16,40024.16,4894,"Femenino"
"135","6486","Herrera Cardenas, Heladio","Instituto De Investigaciones Sociales","I9585 TECNICO ACADEMICO TITULAR B TIEMPO COMPLETO",14665.97,14665.97,26193.79,0,"HERRERA","Heladio",NA,"HELADIO","CARDENAS","Tecnico",NA,0,42114.76,40859.76,5092,"Masculino"
"136","6452","Mercado Marquez, Crisoforo","Facultad De Estudios Superiores Cuautitlan","D9484 TECNICO ACADEMICO TITULAR A TIEMPO COMPLETO",13180.14,13180.14,27687.51,0,"MERCADO","Crisoforo",NA,"CRISOFORO","MARQUEZ","Tecnico",NA,0,42122.65,40867.65,5097,"Masculino"
"137","6416","Murrieta Rodriguez, Tirso","Instituto De Fisica","I9585 TECNICO ACADEMICO TITULAR B TIEMPO COMPLETO",14665.97,14665.97,26306.85,0,"MURRIETA","Tirso",NA,"TIRSO","RODRIGUEZ","Tecnico",NA,0,42227.82,40972.82,5112,"Masculino"
"138","6391","Reynoso Noveron, Jeanett","Instituto De Investigaciones Filologicas","I6489 INVESTIGADOR TITULAR A TIEMPO COMPLETO",16726.36,16726.36,24437.41,0,"REYNOSO","Jeanett",NA,"JEANETT","NOVERON","Investigador",NA,0,42418.77,41163.77,5132,"Femenino"
"139","6370","Regalado Ortega, Mirelta","Instituto De Neurobiologia En Queretaro, Qro.","I9585 TECNICO ACADEMICO TITULAR B TIEMPO COMPLETO",14665.97,14665.97,26611.59,0,"REGALADO","Mirelta",NA,"MIRELTA","ORTEGA","Tecnico",NA,0,42532.56,41277.56,5141,"Femenino"
"140","6268","Nagao Nozaki, Kazuko","Escuela Nacional De Lenguas, Linguistica Y Traduccion","D5686 PROFESOR ASOCIADO C TIEMPO COMPLETO",14665.97,14665.97,27029.39,0,"NAGAO","Kazuko",NA,"KAZUKO","NOZAKI","Profesor",NA,0,42950.36,41695.36,5226,"Masculino"
"141","6160","Muñoz Rosales, Victorico","Plantel Seis Antonio Caso E.n.p.","D5686 PROFESOR ASOCIADO C TIEMPO COMPLETO",14665.97,14665.97,27447.19,0,"MUÑOZ","Victorico",NA,"VICTORICO","ROSALES","Profesor",NA,0,43368.16,42113.16,5287,"Masculino"
"142","8030","Arimura, Rie","Escuela Nacional De Estudios Superiores, Unidad Morelia. Mich.","D5686 PROFESOR ASOCIADO C TIEMPO COMPLETO",14665.97,14665.97,19425.45,0,"ARIMURA","Rie",NA,"RIE",NA,"Profesor","C",8186.96,43533.38,42278.38,5321,"Masculino"
"143","9670","Gonzalez Magaña, Olmo","Instituto De Ciencias Fisicas","I5686 INVESTIGADOR ASOCIADO C TIEMPO COMPLETO",14665.97,14665.97,13487.79,0,"GONZALEZ","Olmo",NA,"OLMO","MAGAÑA","Investigador","1",14327.18,43735.94,42480.94,5418,"Masculino"
"144","9714","Martinez Serrano, Ayesa","Escuela Nacional De Estudios Superiores, Unidad Merida, Yuc.","D5686 PROFESOR ASOCIADO C TIEMPO COMPLETO",14665.97,14665.97,13487.79,0,"MARTINEZ","Ayesa",NA,"AYESA","SERRANO","Profesor","1",14327.18,43735.94,42480.94,5428,"Masculino"
"145","9866","Dutt, Ateet","Instituto De Investigaciones En Materiales","I5686 INVESTIGADOR ASOCIADO C TIEMPO COMPLETO",14665.97,14665.97,13487.79,0,"DUTT","Ateet",NA,"ATEET",NA,"Investigador","1",14327.18,43735.94,42480.94,5457,"Masculino"
"146","10117","Chavez Jimenez, Daniar","Coordinacion Y Consejo Tecnico De Humanidades","I5686 INVESTIGADOR ASOCIADO C TIEMPO COMPLETO",14665.97,14665.97,13487.79,0,"CHAVEZ","Daniar",NA,"DANIAR","JIMENEZ","Investigador","1",14327.18,43735.94,42480.94,5514,"Femenino"
"147","10232","Rebollar Caudillo, Eria","Centro De Ciencias Genomicas","I5686 INVESTIGADOR ASOCIADO C TIEMPO COMPLETO",14665.97,14665.97,13487.79,0,"REBOLLAR","Eria","Alaide","ERIA ALAIDE","CAUDILLO","Investigador","1",14327.18,43735.94,42480.94,5540,"Femenino"
"148","10170","Alvarez Camacho, Michelin","Facultad De Ingenieria","D5686 PROFESOR ASOCIADO C TIEMPO COMPLETO",14665.97,14665.97,13487.79,0,"ALVAREZ","Michelin",NA,"MICHELIN","CAMACHO","Profesor","1",14327.18,43735.94,42480.94,5589,"Masculino"
"149","11054","Xiao Wu, Mufei","Centro De Nanociencias Y Nanotecnologia En Ensenada, B. C.","I6696 INVESTIGADOR TITULAR C TIEMPO COMPLETO",23371.12,23371.12,708.07,0,"XIAO","Mufei",NA,"MUFEI","WU","Investigador","2",18420.66,43754.85,42499.85,5599,"Masculino"
"150","5644","Ferreira Medina, Heberto","Instituto De Investigaciones En Ecosistemas Y Sustentabilidad En Morelia, Mich.","I9585 TECNICO ACADEMICO TITULAR B TIEMPO COMPLETO",14665.97,14665.97,29609.91,0,"FERREIRA","Heberto",NA,"HEBERTO","MEDINA","Tecnico",NA,0,45530.88,44275.88,5931,"Masculino"
"151","5590","Djurdjevic, Mico","Instituto De Matematicas","I6489 INVESTIGADOR TITULAR A TIEMPO COMPLETO",16726.36,16726.36,27780.17,0,"DJURDJEVIC","Mico",NA,"MICO",NA,"Investigador",NA,0,45761.53,44506.53,5972,"Masculino"
"152","5491","Mejia Jimenez, Janete","Facultad De Ingenieria","D9689 TECNICO ACADEMICO TITULAR C TIEMPO COMPLETO",16726.36,16726.36,28191.87,0,"MEJIA","Janete",NA,"JANETE","JIMENEZ","Tecnico",NA,0,46173.23,44918.23,6055,"Femenino"
"153","5398","Uribe Moreno, Savarthasiddh","Facultad De Musica","D6489 PROFESOR TITULAR A TIEMPO COMPLETO",16726.36,16726.36,28674.03,0,"URIBE","Savarthasiddh",NA,"SAVARTHASIDDH","MORENO","Profesor",NA,0,46655.39,45400.39,6124,"Masculino"
"154","8817","Arroyo Hernandez, Patrocinio","Facultad De Estudios Superiores Aragon","D8578 TECNICO ACADEMICO ASOCIADO B TIEMPO COMPLETO",11138.35,11138.35,19997.05,0,"ARROYO","Patrocinio",NA,"PATROCINIO","HERNANDEZ","Tecnico","1",14327.18,46717.58,45462.58,6154,"Masculino"
"155","5288","Sierra Galvan, Sigfrido","Facultad De Ciencias","D6489 PROFESOR TITULAR A TIEMPO COMPLETO",16726.36,16726.36,29156.21,0,"SIERRA","Sigfrido",NA,"SIGFRIDO","GALVAN","Profesor",NA,0,47137.57,45882.57,6222,"Masculino"
"156","5242","Irazoque Palazuelos, Glinda","Facultad De Quimica","D6489 PROFESOR TITULAR A TIEMPO COMPLETO",16726.36,16726.36,29468.21,0,"IRAZOQUE","Glinda",NA,"GLINDA","PALAZUELOS","Profesor",NA,0,47449.57,46194.57,6255,"Femenino"
"157","9499","Hernandez Trujillo, Elein","Direccion General De Asuntos Del Personal Academico","D5686 PROFESOR ASOCIADO C TIEMPO COMPLETO",14665.97,14665.97,13487.79,0,"HERNANDEZ","Elein",NA,"ELEIN","TRUJILLO","Profesor","2",18420.66,47829.42,46574.42,6403,"Femenino"
"158","5110","Perez Cabrera, Iñiga","Escuela Nacional De Enfermeria Y Obstetricia","D5686 PROFESOR ASOCIADO C TIEMPO COMPLETO",14665.97,14665.97,32145.87,0,"PEREZ","Iñiga",NA,"IÑIGA","CABRERA","Profesor",NA,0,48066.84,46811.84,6460,NA
"159","5054","Escalante Tovar, Sigfrido","Facultad De Quimica","D6489 PROFESOR TITULAR A TIEMPO COMPLETO",16726.36,16726.36,30218.21,0,"ESCALANTE","Sigfrido",NA,"SIGFRIDO","TOVAR","Profesor",NA,0,48199.57,46944.57,6500,"Masculino"
"160","4981","Santos Cerquera, Clemencia","Instituto De Geografia","I9689 TECNICO ACADEMICO TITULAR C TIEMPO COMPLETO",16726.36,16726.36,30602.73,0,"SANTOS","Clemencia",NA,"CLEMENCIA","CERQUERA","Tecnico",NA,0,48584.09,47329.09,6543,"Femenino"
"161","4893","Ramos Rocha, Maryblanca","Facultad De Medicina","D6489 PROFESOR TITULAR A TIEMPO COMPLETO",16726.36,16726.36,31084.89,0,"RAMOS","Maryblanca",NA,"MARYBLANCA","ROCHA","Profesor",NA,0,49066.25,47811.25,6605,"Femenino"
"162","4908","Guadarrama Santana, Asur","Instituto De Ciencias Aplicadas Y Tecnologia","I9689 TECNICO ACADEMICO TITULAR C TIEMPO COMPLETO",16726.36,16726.36,31084.89,0,"GUADARRAMA","Asur",NA,"ASUR","SANTANA","Tecnico",NA,0,49066.25,47811.25,6616,"Masculino"
"163","8173","Garcia Perez, Agueda","Facultad De Medicina Veterinaria Y Zootecnia","D8682 TECNICO ACADEMICO ASOCIADO C TIEMPO COMPLETO",12155.64,12155.64,21409.55,0,"GARCIA","Agueda",NA,"AGUEDA","PEREZ","Tecnico","1",14327.18,49147.37,47892.37,6635,"Femenino"
"164","8083","Nanjareddy, Kalpana","Escuela Nacional De Estudios Superiores, Unidad Leon, Gto.","D6489 PROFESOR TITULAR A TIEMPO COMPLETO",16726.36,16726.36,17226.71,0,"NANJAREDDY","Kalpana",NA,"KALPANA",NA,"Profesor","1",14327.18,49535.25,48280.25,6690,"Femenino"
"165","8084","Arthikala, Manojkumar","Escuela Nacional De Estudios Superiores, Unidad Leon, Gto.","D6489 PROFESOR TITULAR A TIEMPO COMPLETO",16726.36,16726.36,17226.71,0,"ARTHIKALA","Manojkumar",NA,"MANOJKUMAR",NA,"Profesor","1",14327.18,49535.25,48280.25,6691,"Masculino"
"166","8078","Jayagopal, Madhavaraju","Instituto De Geologia","I6489 INVESTIGADOR TITULAR A TIEMPO COMPLETO",16726.36,16726.36,17259.15,0,"JAYAGOPAL","Madhavaraju",NA,"MADHAVARAJU",NA,"Investigador","1",14327.18,49567.69,48312.69,6713,"Masculino"
"167","4740","Valadez Nava, Sabas","Facultad De Estudios Superiores Iztacala","D5686 PROFESOR ASOCIADO C TIEMPO COMPLETO",14665.97,14665.97,33979.97,0,"VALADEZ","Sabas",NA,"SABAS","NAVA","Profesor",NA,0,49900.94,48645.94,6766,"Femenino"
"168","7939","Van Doesburg, Geert","Instituto De Investigaciones Filologicas","I5686 INVESTIGADOR ASOCIADO C TIEMPO COMPLETO",14665.97,14665.97,19759.69,0,"VAN DOESBURG","Geert","Bastiaan","GEERT BASTIAAN",NA,"Investigador","1",14327.18,50007.84,48752.84,6780,"Masculino"
"169","7868","Hevia Montiel, Nidiyare","Instituto De Investigaciones En Matematicas Aplicadas Y En Sistemas","I5686 INVESTIGADOR ASOCIADO C TIEMPO COMPLETO",14665.97,14665.97,20093.93,0,"HEVIA","Nidiyare",NA,"NIDIYARE","MONTIEL","Investigador","1",14327.18,50342.08,49087.08,6856,"Femenino"
"170","4573","Camacho Morfin, Deneb","Facultad De Estudios Superiores Cuautitlan","D5686 PROFESOR ASOCIADO C TIEMPO COMPLETO",14665.97,14665.97,34795.53,0,"CAMACHO","Deneb",NA,"DENEB","MORFIN","Profesor",NA,0,50716.5,49461.5,6917,"Masculino"
"171","4545","Landa Goyogana, Josu","Facultad De Filosofia Y Letras","D6489 PROFESOR TITULAR A TIEMPO COMPLETO",16726.36,16726.36,33013.59,0,"LANDA","Josu",NA,"JOSU","GOYOGANA","Profesor",NA,0,50994.95,49739.95,6957,"Masculino"
"172","6120","Basilio Morales, Eufemia","Instituto De Investigaciones Economicas","I6489 INVESTIGADOR TITULAR A TIEMPO COMPLETO",16726.36,16726.36,25395.27,0,"BASILIO","Eufemia",NA,"EUFEMIA","MORALES","Investigador","C",8186.96,51563.59,50308.59,7050,"Femenino"
"173","7572","Lopez Guerrero, Jahel","Centro De Investigaciones Interdisciplinarias En Ciencias Y Humanidades","I5686 INVESTIGADOR ASOCIADO C TIEMPO COMPLETO",14665.97,14665.97,21430.89,0,"LOPEZ","Jahel",NA,"JAHEL","GUERRERO","Investigador","1",14327.18,51679.04,50424.04,7070,"Masculino"
"174","4341","Levy Amselle, Sylviane","Direccion General De Computo Y De Tecnologias De Informacion Y Comunicacion","I9689 TECNICO ACADEMICO TITULAR C TIEMPO COMPLETO",16726.36,16726.36,33977.93,0,"LEVY","Sylviane","Francoise","SYLVIANE FRANCOISE","AMSELLE","Tecnico",NA,0,51959.29,50704.29,7101,"Femenino"
"175","4210","De Oyarzabal Salcedo, Aldi","Facultad De Ciencias","D9689 TECNICO ACADEMICO TITULAR C TIEMPO COMPLETO",16726.36,16726.36,34942.27,0,"DE OYARZABAL","Aldi",NA,"ALDI","SALCEDO","Tecnico",NA,0,52923.63,51668.63,7245,"Femenino"
"176","7202","Mendlovic Pasol, Fela","Facultad De Medicina","D5686 PROFESOR ASOCIADO C TIEMPO COMPLETO",14665.97,14665.97,23102.09,0,"MENDLOVIC","Fela",NA,"FELA","PASOL","Profesor","1",14327.18,53350.24,52095.24,7304,"Femenino"
"177","7121","Barron Palos, Libertad","Instituto De Fisica","I6489 INVESTIGADOR TITULAR A TIEMPO COMPLETO",16726.36,16726.36,21366.39,0,"BARRON","Libertad",NA,"LIBERTAD","PALOS","Investigador","1",14327.18,53674.93,52419.93,7357,"Femenino"
"178","4003","Ibañez Reyes, Edilberta","Facultad De Estudios Superiores Iztacala","D6489 PROFESOR TITULAR A TIEMPO COMPLETO",16726.36,16726.36,36192.77,0,"IBAÑEZ","Edilberta","Joselina","EDILBERTA JOSELINA","REYES","Profesor",NA,0,54174.13,52919.13,7425,"Femenino"
"179","6986","Chavez Sanchez, Federica","Facultad De Estudios Superiores Iztacala","D8682 TECNICO ACADEMICO ASOCIADO C TIEMPO COMPLETO",12155.64,12155.64,26500.07,0,"CHAVEZ","Federica",NA,"FEDERICA","SANCHEZ","Tecnico","1",14327.18,54237.89,52982.89,7433,"Femenino"
"180","6911","Villanueva Amadoz, Uxue","Instituto De Geologia","I6489 INVESTIGADOR TITULAR A TIEMPO COMPLETO",16726.36,16726.36,22309.37,0,"VILLANUEVA","Uxue",NA,"UXUE","AMADOZ","Investigador","1",14327.18,54617.91,53362.91,7476,"Masculino"
"181","6916","Tecuapetla Aguilar, Fatuel","Instituto De Fisiologia Celular","I6489 INVESTIGADOR TITULAR A TIEMPO COMPLETO",16726.36,16726.36,22309.37,0,"TECUAPETLA","Fatuel",NA,"FATUEL","AGUILAR","Investigador","1",14327.18,54617.91,53362.91,7480,"Masculino"
"182","3892","Moreno Padilla, Caritino","Facultad De Quimica","D6696 PROFESOR TITULAR C TIEMPO COMPLETO",23371.12,23371.12,30285.57,0,"MORENO","Caritino",NA,"CARITINO","PADILLA","Profesor",NA,0,54911.69,53656.69,7528,"Masculino"
"183","6814","Mwampamba, Tuyeni","Instituto De Investigaciones En Ecosistemas Y Sustentabilidad En Morelia, Mich.","I6489 INVESTIGADOR TITULAR A TIEMPO COMPLETO",16726.36,16726.36,22695.11,0,"MWAMPAMBA","Tuyeni","Heita","TUYENI HEITA",NA,"Investigador","1",14327.18,55003.65,53748.65,7533,"Masculino"
"184","5213","Shimada Beltran, Harumi","Escuela Nacional De Estudios Superiores, Unidad Leon, Gto.","D6593 PROFESOR TITULAR B TIEMPO COMPLETO",19635.89,19635.89,26697.19,0,"SHIMADA","Harumi",NA,"HARUMI","BELTRAN","Profesor","C",8186.96,55775.04,54520.04,7645,"Masculino"
"185","6653","Ruiz Rivera, Naxhelli","Instituto De Geografia","I6489 INVESTIGADOR TITULAR A TIEMPO COMPLETO",16726.36,16726.36,23466.59,0,"RUIZ","Naxhelli",NA,"NAXHELLI","RIVERA","Investigador","1",14327.18,55775.13,54520.13,7658,"Femenino"
"186","6572","Zurabian, Rimma","Facultad De Medicina","D5686 PROFESOR ASOCIADO C TIEMPO COMPLETO",14665.97,14665.97,25775.99,0,"ZURABIAN","Rimma",NA,"RIMMA",NA,"Profesor","1",14327.18,56024.14,54769.14,7686,"Femenino"
"187","6502","Garcia Ramos, Victorino","Plantel Uno Gabino Barreda E.n.p.","D6489 PROFESOR TITULAR A TIEMPO COMPLETO",16726.36,16726.36,23937.41,0,"GARCIA","Victorino",NA,"VICTORINO","RAMOS","Profesor","1",14327.18,56245.95,54990.95,7727,"Masculino"
"188","3700","Valdespino Vazquez, Jovv","Direccion General De Bibliotecas","I9689 TECNICO ACADEMICO TITULAR C TIEMPO COMPLETO",16726.36,16726.36,38359.21,0,"VALDESPINO","Jovv",NA,"JOVV","VAZQUEZ","Tecnico",NA,0,56340.57,55085.57,7741,"Masculino"
"189","6443","Garcia Deister, Vivette","Facultad De Ciencias","D6489 PROFESOR TITULAR A TIEMPO COMPLETO",16726.36,16726.36,24238.05,0,"GARCIA","Vivette",NA,"VIVETTE","DEISTER","Profesor","1",14327.18,56546.59,55291.59,7779,"Femenino"
"190","6445","Xu, Shunshan","Centro De Geociencias En Juriquilla, Qro.","I6489 INVESTIGADOR TITULAR A TIEMPO COMPLETO",16726.36,16726.36,24238.05,0,"XU","Shunshan",NA,"SHUNSHAN",NA,"Investigador","1",14327.18,56546.59,55291.59,7781,"Masculino"
"191","3589","Cortes Moreno, Assol","Facultad De Estudios Superiores Iztacala","D6489 PROFESOR TITULAR A TIEMPO COMPLETO",16726.36,16726.36,38969.83,0,"CORTES","Assol",NA,"ASSOL","MORENO","Profesor",NA,0,56951.19,55696.19,7833,"Masculino"
"192","4931","Nava Bolaños, Isalia","Instituto De Investigaciones Economicas","I6593 INVESTIGADOR TITULAR B TIEMPO COMPLETO",19635.89,19635.89,28065.05,0,"NAVA","Isalia",NA,"ISALIA","BOLAÑOS","Investigador","C",8186.96,57142.9,55887.9,7845,NA
"193","7172","Urrutia Odabachian, Araxi","Instituto De Ecologia","I6593 INVESTIGADOR TITULAR B TIEMPO COMPLETO",19635.89,19635.89,18141.43,0,"URRUTIA","Araxi",NA,"ARAXI","ODABACHIAN","Investigador","2",18420.66,57452.98,56197.98,7913,"Femenino"
"194","3463","Petranovski Afanasievna, Vitali","Centro De Nanociencias Y Nanotecnologia En Ensenada, B. C.","I6696 INVESTIGADOR TITULAR C TIEMPO COMPLETO",23371.12,23371.12,33388.85,0,"PETRANOVSKI","Vitali",NA,"VITALI","AFANASIEVNA","Investigador",NA,0,58014.97,56759.97,7980,"Masculino"
"195","6055","Negrete Yankelevich, Aquiles","Centro De Investigaciones Interdisciplinarias En Ciencias Y Humanidades","I6489 INVESTIGADOR TITULAR A TIEMPO COMPLETO",16726.36,16726.36,25781.01,0,"NEGRETE","Aquiles",NA,"AQUILES","YANKELEVICH","Investigador","1",14327.18,58089.55,56834.55,7998,"Masculino"
"196","5884","Guevara Aguirre, Mucuy","Facultad De Ciencias","D6489 PROFESOR TITULAR A TIEMPO COMPLETO",16726.36,16726.36,26552.49,0,"GUEVARA","Mucuy","Kak","MUCUY KAK DEL CARMEN","AGUIRRE","Profesor","1",14327.18,58861.03,57606.03,8111,"Masculino"
"197","3289","Zea Constantino, Carmelino","Facultad De Ingenieria","D6593 PROFESOR TITULAR B TIEMPO COMPLETO",19635.89,19635.89,38323.91,0,"ZEA","Carmelino",NA,"CARMELINO","CONSTANTINO","Profesor",NA,0,59214.8,57959.8,8165,"Masculino"
"198","5788","Garcia Segundo, Crescencio","Instituto De Ciencias Aplicadas Y Tecnologia","I6489 INVESTIGADOR TITULAR A TIEMPO COMPLETO",16726.36,16726.36,26938.21,0,"GARCIA","Crescencio",NA,"CRESCENCIO","SEGUNDO","Investigador","1",14327.18,59246.75,57991.75,8172,"Masculino"
"199","5711","Ramos Martinez, Espiridion","Facultad De Medicina","D9689 TECNICO ACADEMICO TITULAR C TIEMPO COMPLETO",16726.36,16726.36,27323.95,0,"RAMOS","Espiridion",NA,"ESPIRIDION","MARTINEZ","Tecnico","1",14327.18,59632.49,58377.49,8228,"Masculino"
"200","5661","Hernandez Vazquez, Eumelia","Instituto De Investigaciones Esteticas","I9484 TECNICO ACADEMICO TITULAR A TIEMPO COMPLETO",13180.14,13180.14,30986.21,0,"HERNANDEZ","Eumelia",NA,"EUMELIA","VAZQUEZ","Tecnico","1",14327.18,59748.53,58493.53,8244,"Femenino"
"201","3158","Madrid Montes, Evencia","Facultad De Artes Y Diseño","D6489 PROFESOR TITULAR A TIEMPO COMPLETO",16726.36,16726.36,42214.11,0,"MADRID","Evencia",NA,"EVENCIA","MONTES","Profesor",NA,0,60195.47,58940.47,8310,"Femenino"
"202","5446","Holwerda, Friso","Centro De Ciencias De La Atmosfera","I6489 INVESTIGADOR TITULAR A TIEMPO COMPLETO",16726.36,16726.36,28345.03,0,"HOLWERDA","Friso",NA,"FRISO",NA,"Investigador","1",14327.18,60653.57,59398.57,8365,"Masculino"
"203","5440","Castillo Gallegos, Epigmenio","Facultad De Medicina Veterinaria Y Zootecnia","D5686 PROFESOR ASOCIADO C TIEMPO COMPLETO",14665.97,14665.97,30453.99,0,"CASTILLO","Epigmenio",NA,"EPIGMENIO","GALLEGOS","Profesor","1",14327.18,60702.14,59447.14,8370,"Masculino"
"204","6349","Massillon, Guerda","Instituto De Fisica","I6489 INVESTIGADOR TITULAR A TIEMPO COMPLETO",16726.36,16726.36,24623.79,0,"MASSILLON","Guerda",NA,"GUERDA",NA,"Investigador","2",18420.66,61025.81,59770.81,8415,"Femenino"
"205","5301","Alfonso Lopez, Ismeli","Instituto De Investigaciones En Materiales","I6593 INVESTIGADOR TITULAR B TIEMPO COMPLETO",19635.89,19635.89,26241.25,0,"ALFONSO","Ismeli",NA,"ISMELI","LOPEZ","Investigador","1",14327.18,61459.32,60204.32,8458,"Femenino"
"206","2942","Ramirez Medina, Valeriano","Facultad De Ciencias Politicas Y Sociales","D9689 TECNICO ACADEMICO TITULAR C TIEMPO COMPLETO",16726.36,16726.36,44188.63,0,"RAMIREZ","Valeriano",NA,"VALERIANO","MEDINA","Tecnico",NA,0,62169.99,60914.99,8550,"Masculino"
"207","2889","Menchu Tum, Rigoberta","Coordinacion Y Consejo Tecnico De Humanidades","I0196 INVESTIGADOR EXTRAORDINARIO",23371.12,23371.12,37992.53,0,"MENCHU","Rigoberta",NA,"RIGOBERTA","TUM","Investigador",NA,0,62618.65,61363.65,8612,"Femenino"
"208","2853","Alcantara Vazquez, Avissai","Facultad De Medicina","D6593 PROFESOR TITULAR B TIEMPO COMPLETO",19635.89,19635.89,41988.83,0,"ALCANTARA","Avissai",NA,"AVISSAI","VAZQUEZ","Profesor",NA,0,62879.72,61624.72,8635,"Masculino"
"209","2846","Aroche Reyes, Xochitlalli","Facultad De Estudios Superiores Acatlan","D6593 PROFESOR TITULAR B TIEMPO COMPLETO",19635.89,19635.89,42112.31,0,"AROCHE","Xochitlalli",NA,"XOCHITLALLI","REYES","Profesor",NA,0,63003.2,61748.2,8655,"Femenino"
"210","5774","Aroca Bisquert, Fuensanta","Instituto De Matematicas","I6593 INVESTIGADOR TITULAR B TIEMPO COMPLETO",19635.89,19635.89,24068.77,0,"AROCA","Fuensanta",NA,"FUENSANTA","BISQUERT","Investigador","2",18420.66,63380.32,62125.32,8684,"Femenino"
"211","2761","Deli, Aniko","Facultad De Musica","D6696 PROFESOR TITULAR C TIEMPO COMPLETO",23371.12,23371.12,39186.41,0,"DELI","Aniko","Krisztina","ANIKO KRISZTINA",NA,"Profesor",NA,0,63812.53,62557.53,8735,"Masculino"
"212","2749","Carbajal Salgado, Gerzain","Plantel Vallejo C.c.h.","D6696 PROFESOR TITULAR C TIEMPO COMPLETO",23371.12,23371.12,39237.31,0,"CARBAJAL","Gerzain",NA,"GERZAIN","SALGADO","Profesor",NA,0,63863.43,62608.43,8739,"Masculino"
"213","4750","Miyaji, Takamitsu","Instituto De Astronomia","I6593 INVESTIGADOR TITULAR B TIEMPO COMPLETO",19635.89,19635.89,28976.95,0,"MIYAJI","Takamitsu",NA,"TAKAMITSU",NA,"Investigador","1",14327.18,64195.02,62940.02,8776,"Masculino"
"214","2714","Moreno Mendez, Willebaldo","Facultad De Estudios Superiores Zaragoza","D6593 PROFESOR TITULAR B TIEMPO COMPLETO",19635.89,19635.89,43386.29,0,"MORENO","Willebaldo",NA,"WILLEBALDO","MENDEZ","Profesor",NA,0,64277.18,63022.18,8788,"Masculino"
"215","2586","Arcos Serrano, Hermenegildo","Facultad De Estudios Superiores Acatlan","D6593 PROFESOR TITULAR B TIEMPO COMPLETO",19635.89,19635.89,44520.05,0,"ARCOS","Hermenegildo",NA,"HERMENEGILDO","SERRANO","Profesor",NA,0,65410.94,64155.94,8917,"Masculino"
"216","2557","Anima Puentes, Santiaga","Facultad De Economia","D6593 PROFESOR TITULAR B TIEMPO COMPLETO",19635.89,19635.89,44773.27,0,"ANIMA","Santiaga",NA,"SANTIAGA","PUENTES","Profesor",NA,0,65664.16,64409.16,8946,"Femenino"
"217","2488","Cortes Lopez, Ladi","Plantel Sur C.c.h.","D6696 PROFESOR TITULAR C TIEMPO COMPLETO",23371.12,23371.12,41521.43,0,"CORTES","Ladi",NA,"LADI","LOPEZ","Profesor",NA,0,66147.55,64892.55,9012,"Femenino"
"218","4318","Contreras Ramos, Atilano","Instituto De Biologia","I6593 INVESTIGADOR TITULAR B TIEMPO COMPLETO",19635.89,19635.89,31256.69,0,"CONTRERAS","Atilano",NA,"ATILANO","RAMOS","Investigador","1",14327.18,66474.76,65219.76,9069,"Masculino"
"219","4319","Segura Peralta, Antigona","Instituto De Ciencias Nucleares","I6593 INVESTIGADOR TITULAR B TIEMPO COMPLETO",19635.89,19635.89,31256.69,0,"SEGURA","Antigona",NA,"ANTIGONA","PERALTA","Investigador","1",14327.18,66474.76,65219.76,9070,"Femenino"
"220","4241","Salgado Osorio, Heladia","Centro De Ciencias Genomicas","I9689 TECNICO ACADEMICO TITULAR C TIEMPO COMPLETO",16726.36,16726.36,34658.65,0,"SALGADO","Heladia",NA,"HELADIA","OSORIO","Tecnico","1",14327.18,66967.19,65712.19,9119,"Femenino"
"221","2376","Soria Fuentes, Netzahualcoyotl","Plantel Naucalpan C.c.h.","D6696 PROFESOR TITULAR C TIEMPO COMPLETO",23371.12,23371.12,42478.73,0,"SORIA","Netzahualcoyotl",NA,"NETZAHUALCOYOTL","FUENTES","Profesor",NA,0,67104.85,65849.85,9136,"Masculino"
"222","2299","Elguea Sanchez, Bertin","Plantel Naucalpan C.c.h.","D6696 PROFESOR TITULAR C TIEMPO COMPLETO",23371.12,23371.12,43152.45,0,"ELGUEA","Bertin",NA,"BERTIN","SANCHEZ","Profesor",NA,0,67778.57,66523.57,9219,"Masculino"
"223","4023","Erviti Erice, Joaquina","Centro Regional De Investigaciones Multidisciplinarias De La Unam","I6593 INVESTIGADOR TITULAR B TIEMPO COMPLETO",19635.89,19635.89,33194.47,0,"ERVITI","Joaquina",NA,"JOAQUINA","ERICE","Investigador","1",14327.18,68412.54,67157.54,9293,"Femenino"
"224","2252","Bautista Cruz, Heladio","Plantel Vallejo C.c.h.","D6696 PROFESOR TITULAR C TIEMPO COMPLETO",23371.12,23371.12,43826.17,0,"BAUTISTA","Heladio",NA,"HELADIO","CRUZ","Profesor",NA,0,68452.29,67197.29,9309,"Masculino"
"225","4377","Kailasa, Pandarinath","Instituto De Energias Renovables En Temixco, Mor.","I6593 INVESTIGADOR TITULAR B TIEMPO COMPLETO",19635.89,19635.89,30800.73,0,"KAILASA","Pandarinath",NA,"PANDARINATH",NA,"Investigador","2",18420.66,70112.28,68857.28,9497,"Masculino"
"226","4234","Grabski, Varlen","Instituto De Fisica","I6593 INVESTIGADOR TITULAR B TIEMPO COMPLETO",19635.89,19635.89,31756.69,0,"GRABSKI","Varlen",NA,"VARLEN",NA,"Investigador","2",18420.66,71068.24,69813.24,9619,"Masculino"
"227","1916","Robles Mier Y Teran, Marsella","Plantel Uno Gabino Barreda E.n.p.","D6696 PROFESOR TITULAR C TIEMPO COMPLETO",23371.12,23371.12,46521.05,0,"ROBLES","Marsella",NA,"MARSELLA","MIER Y TERAN","Profesor",NA,0,71147.17,69892.17,9630,"Femenino"
"228","4091","Loser, Hannes","Instituto De Geologia","I6593 INVESTIGADOR TITULAR B TIEMPO COMPLETO",19635.89,19635.89,32668.59,0,"LOSER","Hannes",NA,"HANNES",NA,"Investigador","2",18420.66,71980.14,70725.14,9765,"Femenino"
"229","4093","Chryssomalakos, Chryssomalis","Instituto De Ciencias Nucleares","I6593 INVESTIGADOR TITULAR B TIEMPO COMPLETO",19635.89,19635.89,32668.59,0,"CHRYSSOMALAKOS","Chryssomalis",NA,"CHRYSSOMALIS",NA,"Investigador","2",18420.66,71980.14,70725.14,9766,"Femenino"
"230","1768","Gomez Carranza, Pantaleon","Plantel Oriente C.c.h.","D6696 PROFESOR TITULAR C TIEMPO COMPLETO",23371.12,23371.12,47868.49,0,"GOMEZ","Pantaleon",NA,"PANTALEON","CARRANZA","Profesor",NA,0,72494.61,71239.61,9839,"Masculino"
"231","4016","Merino Lopez, Criel","Instituto De Matematicas","I6593 INVESTIGADOR TITULAR B TIEMPO COMPLETO",19635.89,19635.89,33194.47,0,"MERINO","Criel",NA,"CRIEL","LOPEZ","Investigador","2",18420.66,72506.02,71251.02,9846,"Femenino"
"232","1660","Ortiz Escamilla, Estanislao","Facultad De Artes Y Diseño","D6696 PROFESOR TITULAR C TIEMPO COMPLETO",23371.12,23371.12,48542.21,0,"ORTIZ","Estanislao",NA,"ESTANISLAO","ESCAMILLA","Profesor",NA,0,73168.33,71913.33,9924,"Masculino"
"233","3872","Sharma, Pankaj","Instituto De Quimica","I6593 INVESTIGADOR TITULAR B TIEMPO COMPLETO",19635.89,19635.89,34265.51,0,"SHARMA","Pankaj",NA,"PANKAJ",NA,"Investigador","2",18420.66,73577.06,72322.06,9972,"Masculino"
"234","1542","Nuñez Carpizo, Elssie","Facultad De Derecho","D6696 PROFESOR TITULAR C TIEMPO COMPLETO",23371.12,23371.12,49485.35,0,"NUÑEZ","Elssie",NA,"ELSSIE","CARPIZO","Profesor",NA,0,74111.47,72856.47,10043,"Femenino"
"235","3206","Segota Tomac, Durdica","Instituto De Investigaciones Esteticas","I6593 INVESTIGADOR TITULAR B TIEMPO COMPLETO",19635.89,19635.89,38936.93,0,"SEGOTA","Durdica",NA,"DURDICA","TOMAC","Investigador","1",14327.18,74155,72900,10054,"Femenino"
"236","3743","Roy, Priyadarsi","Instituto De Geologia","I6593 INVESTIGADOR TITULAR B TIEMPO COMPLETO",19635.89,19635.89,35065.21,0,"ROY","Priyadarsi","Debajyoti","PRIYADARSI DEBAJYOTI",NA,"Investigador","2",18420.66,74376.76,73121.76,10081,"Masculino"
"237","1493","Bautista Santiago, Venustiano","Plantel Vallejo C.c.h.","D6696 PROFESOR TITULAR C TIEMPO COMPLETO",23371.12,23371.12,49882.91,0,"BAUTISTA","Venustiano",NA,"VENUSTIANO","SANTIAGO","Profesor",NA,0,74509.03,73254.03,10100,"Masculino"
"238","3698","Tovmasian, Gagik","Instituto De Astronomia","I6593 INVESTIGADOR TITULAR B TIEMPO COMPLETO",19635.89,19635.89,35474.23,0,"TOVMASIAN","Gagik",NA,"GAGIK",NA,"Investigador","2",18420.66,74785.78,73530.78,10142,"Masculino"
"239","3583","John Selvamony, Armstrong","Instituto De Ciencias Del Mar Y Limnologia","I6593 INVESTIGADOR TITULAR B TIEMPO COMPLETO",19635.89,19635.89,36191.67,0,"JOHN SELVAMONY","Armstrong","Altrin","ARMSTRONG ALTRIN SAM",NA,"Investigador","2",18420.66,75503.22,74248.22,10221,"Masculino"
"240","3512","Del Val De Gortari, Ek","Escuela Nacional De Estudios Superiores, Unidad Morelia. Mich.","I6593 INVESTIGADOR TITULAR B TIEMPO COMPLETO",19635.89,19635.89,36754.91,0,"DEL VAL","Ek",NA,"EK","DE GORTARI","Investigador","2",18420.66,76066.46,74811.46,10282,"Masculino"
"241","3310","Van Tussenbroek Ribbink, Brigitta","Instituto De Ciencias Del Mar Y Limnologia","I6593 INVESTIGADOR TITULAR B TIEMPO COMPLETO",19635.89,19635.89,38253.97,0,"VAN TUSSENBROEK","Brigitta","Ine","BRIGITTA INE","RIBBINK","Investigador","2",18420.66,77565.52,76310.52,10441,"Femenino"
"242","3295","Gazarian, Karlen","Instituto De Investigaciones Biomedicas","I6696 INVESTIGADOR TITULAR C TIEMPO COMPLETO",23371.12,23371.12,34581.95,0,"GAZARIAN","Karlen",NA,"KARLEN",NA,"Investigador","2",18420.66,77628.73,76373.73,10445,"Femenino"
"243","1036","Minami Koyama, Yukihiro","Facultad De Ingenieria","D6696 PROFESOR TITULAR C TIEMPO COMPLETO",23371.12,23371.12,53931.97,0,"MINAMI","Yukihiro",NA,"YUKIHIRO","KOYAMA","Profesor",NA,0,78558.09,77303.09,10541,"Masculino"
"244","3063","Dimitrova Dinkova, Tzvetanka","Facultad De Quimica","D6593 PROFESOR TITULAR B TIEMPO COMPLETO",19635.89,19635.89,40071.07,0,"DIMITROVA","Tzvetanka",NA,"TZVETANKA","DINKOVA","Profesor","2",18420.66,79382.62,78127.62,10625,"Femenino"
"245","923","Leiva Del Valle, Alfia","Facultad De Artes Y Diseño","D6696 PROFESOR TITULAR C TIEMPO COMPLETO",23371.12,23371.12,54803.83,0,"LEIVA","Alfia",NA,"ALFIA","DEL VALLE","Profesor",NA,0,79429.95,78174.95,10634,"Femenino"
"246","2959","Khotyaintsev, Sergiy","Facultad De Ingenieria","D6696 PROFESOR TITULAR C TIEMPO COMPLETO",23371.12,23371.12,37359.35,0,"KHOTYAINTSEV","Sergiy",NA,"SERGIY",NA,"Profesor","2",18420.66,80406.13,79151.13,10727,"Masculino"
"247","2405","Liu Sun, Xuedong","Facultad De Estudios Superiores Aragon","D6696 PROFESOR TITULAR C TIEMPO COMPLETO",23371.12,23371.12,42272.65,0,"LIU","Xuedong",NA,"XUEDONG","SUN","Profesor","1",14327.18,81225.95,79970.95,10790,"Masculino"
"248","2854","Adem Chahin, Esbaide","Instituto De Fisica","I6593 INVESTIGADOR TITULAR B TIEMPO COMPLETO",19635.89,19635.89,41988.83,0,"ADEM","Esbaide",NA,"ESBAIDE","CHAHIN","Investigador","2",18420.66,81300.38,80045.38,10797,"Femenino"
"249","2842","Sahu, Sarira","Instituto De Ciencias Nucleares","I6696 INVESTIGADOR TITULAR C TIEMPO COMPLETO",23371.12,23371.12,38397.43,0,"SAHU","Sarira",NA,"SARIRA",NA,"Investigador","2",18420.66,81444.21,80189.21,10810,"Femenino"
"250","2282","Novelo Maldonado, Eberto","Facultad De Ciencias","D6593 PROFESOR TITULAR B TIEMPO COMPLETO",19635.89,19635.89,47072.95,0,"NOVELO","Eberto",NA,"EBERTO","MALDONADO","Profesor","1",14327.18,82291.02,81036.02,10855,"Masculino"
"251","2635","Ochoterena Booth, Helga","Instituto De Biologia","I6593 INVESTIGADOR TITULAR B TIEMPO COMPLETO",19635.89,19635.89,44154.49,0,"OCHOTERENA","Helga",NA,"HELGA","BOOTH","Investigador","2",18420.66,83466.04,82211.04,10945,"Femenino"
"252","2104","Macek, Miroslav","Facultad De Estudios Superiores Iztacala","D6696 PROFESOR TITULAR C TIEMPO COMPLETO",23371.12,23371.12,45133.97,0,"MACEK","Miroslav",NA,"MIROSLAV",NA,"Profesor","1",14327.18,84087.27,82832.27,10988,"Femenino"
"253","2033","Martinez Torres, Ataulfo","Instituto De Neurobiologia En Queretaro, Qro.","I6696 INVESTIGADOR TITULAR C TIEMPO COMPLETO",23371.12,23371.12,45816.27,0,"MARTINEZ","Ataulfo",NA,"ATAULFO","TORRES","Investigador","1",14327.18,84769.57,83514.57,11031,"Masculino"
"254","1994","Baydyk, Tetyana","Instituto De Ciencias Aplicadas Y Tecnologia","I6696 INVESTIGADOR TITULAR C TIEMPO COMPLETO",23371.12,23371.12,45982.07,0,"BAYDYK","Tetyana",NA,"TETYANA",NA,"Investigador","1",14327.18,84935.37,83680.37,11048,"Femenino"
"255","2367","Gevorgyan, Gohar","Instituto De Investigaciones Biomedicas","I6696 INVESTIGADOR TITULAR C TIEMPO COMPLETO",23371.12,23371.12,42555.01,0,"GEVORGYAN","Gohar",NA,"GOHAR",NA,"Investigador","2",18420.66,85601.79,84346.79,11080,"Masculino"
"256","1822","Roubina Milner, Evguenia","Facultad De Musica","D6696 PROFESOR TITULAR C TIEMPO COMPLETO",23371.12,23371.12,47313.65,0,"ROUBINA","Evguenia",NA,"EVGUENIA","MILNER","Profesor","1",14327.18,86266.95,85011.95,11118,"Femenino"
"257","417","Carlon Monroy, Asela","Facultad De Estudios Superiores Acatlan","D6696 PROFESOR TITULAR C TIEMPO COMPLETO",23371.12,23371.12,61699.57,0,"CARLON","Asela",NA,"ASELA","MONROY","Profesor",NA,0,86325.69,85070.69,11120,"Femenino"
"258","383","Hernandez Garnica, Clotilde","Facultad De Contaduria Y Administracion","D6696 PROFESOR TITULAR C TIEMPO COMPLETO",23371.12,23371.12,62294.03,0,"HERNANDEZ","Clotilde",NA,"CLOTILDE","GARNICA","Profesor",NA,0,86920.15,85665.15,11162,"Femenino"
"259","3576","Taran, Iouri","Instituto De Geofisica","I6696 INVESTIGADOR TITULAR C TIEMPO COMPLETO",23371.12,23371.12,32473.67,0,"TARAN","Iouri",NA,"IOURI",NA,"Investigador","3",30701.1,87800.89,86545.89,11213,"Masculino"
"260","2005","Fomina, Lioudmila","Instituto De Investigaciones En Materiales","I6696 INVESTIGADOR TITULAR C TIEMPO COMPLETO",23371.12,23371.12,45895.61,0,"FOMINA","Lioudmila",NA,"LIOUDMILA",NA,"Investigador","2",18420.66,88942.39,87687.39,11274,"Femenino"
"261","1313","Martynyuk, Oleksandr","Facultad De Ingenieria","D6696 PROFESOR TITULAR C TIEMPO COMPLETO",23371.12,23371.12,51392.63,0,"MARTYNYUK","Oleksandr",NA,"OLEKSANDR",NA,"Profesor","1",14327.18,90345.93,89090.93,11347,"Masculino"
"262","1677","Hernandez Triviño, Ascension","Instituto De Investigaciones Filologicas","I6696 INVESTIGADOR TITULAR C TIEMPO COMPLETO",23371.12,23371.12,48265.93,0,"HERNANDEZ","Ascension",NA,"ASCENSION","TRIVIÑO","Investigador","2",18420.66,91312.71,90057.71,11408,"Femenino"
"263","1141","Ayala Guerrero, Fructuoso","Facultad De Psicologia","I6696 INVESTIGADOR TITULAR C TIEMPO COMPLETO",23371.12,23371.12,52918.39,0,"AYALA","Fructuoso",NA,"FRUCTUOSO","GUERRERO","Investigador","1",14327.18,91871.69,90616.69,11438,"Masculino"
"264","1607","Skiba Skiba, Iouri","Centro De Ciencias De La Atmosfera","I6696 INVESTIGADOR TITULAR C TIEMPO COMPLETO",23371.12,23371.12,48964.09,0,"SKIBA","Iouri",NA,"IOURI","SKIBA","Investigador","2",18420.66,92010.87,90755.87,11444,"Masculino"
"265","1527","Grave Tirado, Crescenciano","Facultad De Filosofia Y Letras","D6696 PROFESOR TITULAR C TIEMPO COMPLETO",23371.12,23371.12,49664.69,0,"GRAVE","Crescenciano",NA,"CRESCENCIANO","TIRADO","Profesor","2",18420.66,92711.47,91456.47,11480,"Masculino"
"266","1383","Sanchez Aragon, Rozzana","Facultad De Psicologia","D6696 PROFESOR TITULAR C TIEMPO COMPLETO",23371.12,23371.12,50642.63,0,"SANCHEZ","Rozzana",NA,"ROZZANA","ARAGON","Profesor","2",18420.66,93689.41,92434.41,11548,"Femenino"
"267","2826","Atakishiyev, Natig","Instituto De Matematicas","I6696 INVESTIGADOR TITULAR C TIEMPO COMPLETO",23371.12,23371.12,38534.87,0,"ATAKISHIYEV","Natig",NA,"NATIG",NA,"Investigador","3",30701.1,93862.09,92607.09,11558,"Masculino"
"268","1258","Santiago Osorio, Edelmiro","Facultad De Estudios Superiores Zaragoza","D6696 PROFESOR TITULAR C TIEMPO COMPLETO",23371.12,23371.12,51907.83,0,"SANTIAGO","Edelmiro",NA,"EDELMIRO","OSORIO","Profesor","2",18420.66,94954.61,93699.61,11611,"Masculino"
"269","1192","Zhang Ji, Limei","Facultad De Medicina","D6696 PROFESOR TITULAR C TIEMPO COMPLETO",23371.12,23371.12,52307.11,0,"ZHANG","Limei",NA,"LIMEI","JI","Profesor","2",18420.66,95353.89,94098.89,11633,"Masculino"
"270","1134","Thangarasu, Pandiyan","Facultad De Quimica","D6696 PROFESOR TITULAR C TIEMPO COMPLETO",23371.12,23371.12,53057.11,0,"THANGARASU","Pandiyan",NA,"PANDIYAN",NA,"Profesor","2",18420.66,96103.89,94848.89,11667,"Masculino"
"271","2565","Iatsimirski, Anatoli","Facultad De Quimica","D6696 PROFESOR TITULAR C TIEMPO COMPLETO",23371.12,23371.12,40994.05,0,"IATSIMIRSKI","Anatoli",NA,"ANATOLI",NA,"Profesor","3",30701.1,96321.27,95066.27,11679,"Masculino"
"272","2527","Quijano, Leovigildo","Instituto De Quimica","I6696 INVESTIGADOR TITULAR C TIEMPO COMPLETO",23371.12,23371.12,41150.73,0,"QUIJANO","Leovigildo",NA,"LEOVIGILDO",NA,"Investigador","3",30701.1,96477.95,95222.95,11693,"Masculino"
"273","2419","Pizio, Orest","Instituto De Quimica","I6696 INVESTIGADOR TITULAR C TIEMPO COMPLETO",23371.12,23371.12,42088.35,0,"PIZIO","Orest",NA,"OREST",NA,"Investigador","3",30701.1,97415.57,96160.57,11739,"Masculino"
"274","2139","Garaev, Moubariz","Centro De Ciencias Matematicas En Morelia, Mich.","I6696 INVESTIGADOR TITULAR C TIEMPO COMPLETO",23371.12,23371.12,44650.47,0,"GARAEV","Moubariz",NA,"MOUBARIZ",NA,"Investigador","3",30701.1,99977.69,98722.69,11844,"Masculino"
"275","2097","Lopez Cervantes, Malaquias","Facultad De Medicina","D6696 PROFESOR TITULAR C TIEMPO COMPLETO",23371.12,23371.12,45173.61,0,"LOPEZ","Malaquias",NA,"MALAQUIAS","CERVANTES","Profesor","3",30701.1,100500.83,99245.83,11870,"Masculino"
"276","1978","Doubrovski Jankovsky, Iossif","Instituto De Biotecnologia","I6696 INVESTIGADOR TITULAR C TIEMPO COMPLETO",23371.12,23371.12,45982.07,0,"DOUBROVSKI","Iossif",NA,"IOSSIF","JANKOVSKY","Investigador","3",30701.1,101309.29,100054.29,11904,"Masculino"
"277","1955","Mena Iniesta, Baltasar","Instituto De Ingenieria","I6696 INVESTIGADOR TITULAR C TIEMPO COMPLETO",23371.12,23371.12,46295.27,0,"MENA","Baltasar",NA,"BALTASAR","INIESTA","Investigador","3",30701.1,101622.49,100367.49,11926,"Masculino"
"278","1802","Oleshko, Klavdiya","Centro De Geociencias En Juriquilla, Qro.","I6696 INVESTIGADOR TITULAR C TIEMPO COMPLETO",23371.12,23371.12,47435.29,0,"OLESHKO","Klavdiya",NA,"KLAVDIYA",NA,"Investigador","3",30701.1,102762.51,101507.51,11984,"Femenino"
"279","1682","Villagran Muniz, Mayo","Instituto De Ciencias Aplicadas Y Tecnologia","I6696 INVESTIGADOR TITULAR C TIEMPO COMPLETO",23371.12,23371.12,48158.33,0,"VILLAGRAN","Mayo",NA,"MAYO","MUNIZ","Investigador","3",30701.1,103485.55,102230.55,12020,"Masculino"
"280","1500","Geiss Hahn, Christof","Instituto De Matematicas","I6696 INVESTIGADOR TITULAR C TIEMPO COMPLETO",23371.12,23371.12,49810.39,0,"GEISS","Christof",NA,"CHRISTOF","HAHN","Investigador","3",30701.1,105137.61,103882.61,12095,"Masculino"
"281","1276","Verma Jaiswal, Surendra","Instituto De Energias Renovables En Temixco, Mor.","I6696 INVESTIGADOR TITULAR C TIEMPO COMPLETO",23371.12,23371.12,51709.87,0,"VERMA","Surendra","Pal","SURENDRA PAL","JAISWAL","Investigador","3",30701.1,107037.09,105782.09,12184,"Masculino"
"282","1233","Takeuchi Tan, Noboru","Centro De Nanociencias Y Nanotecnologia En Ensenada, B. C.","I6696 INVESTIGADOR TITULAR C TIEMPO COMPLETO",23371.12,23371.12,51974.87,0,"TAKEUCHI","Noboru",NA,"NOBORU","TAN","Investigador","3",30701.1,107302.09,106047.09,12192,"Masculino"
"283","1235","Bijker, Roelof","Instituto De Ciencias Nucleares","I6696 INVESTIGADOR TITULAR C TIEMPO COMPLETO",23371.12,23371.12,51974.87,0,"BIJKER","Roelof",NA,"ROELOF",NA,"Investigador","3",30701.1,107302.09,106047.09,12193,"Masculino"
"284","243","Rodriguez Romo, Suemi","Facultad De Estudios Superiores Cuautitlan","D6696 PROFESOR TITULAR C TIEMPO COMPLETO",23371.12,23371.12,65424.83,0,"RODRIGUEZ","Suemi",NA,"SUEMI","ROMO","Profesor","2",18420.66,108471.61,107216.61,12248,"Femenino"
"285","1023","Aliseda Llera, Atocha","Instituto De Investigaciones Filosoficas","I6696 INVESTIGADOR TITULAR C TIEMPO COMPLETO",23371.12,23371.12,53971.59,0,"ALISEDA","Atocha",NA,"ATOCHA","LLERA","Investigador","3",30701.1,109298.81,108043.81,12284,"Femenino"
"286","198","Monroy Nasr, Zuraya","Facultad De Psicologia","D6696 PROFESOR TITULAR C TIEMPO COMPLETO",23371.12,23371.12,66372.99,0,"MONROY","Zuraya",NA,"ZURAYA","NASR","Profesor","2",18420.66,109419.77,108164.77,12293,"Femenino"
"287","882","Siebe Grabach, Claus","Instituto De Geofisica","I6696 INVESTIGADOR TITULAR C TIEMPO COMPLETO",23371.12,23371.12,55303.83,0,"SIEBE","Claus",NA,"CLAUS","GRABACH","Investigador","3",30701.1,110631.05,109376.05,12335,"Masculino"
"288","883","Zhao Hu, Hailin","Instituto De Energias Renovables En Temixco, Mor.","I6696 INVESTIGADOR TITULAR C TIEMPO COMPLETO",23371.12,23371.12,55303.83,0,"ZHAO","Hailin",NA,"HAILIN","HU","Investigador","3",30701.1,110631.05,109376.05,12336,"Femenino"
"289","836","Romo Trujillo, Ranulfo","Instituto De Fisiologia Celular","I6696 INVESTIGADOR TITULAR C TIEMPO COMPLETO",23371.12,23371.12,55836.09,0,"ROMO","Ranulfo",NA,"RANULFO","TRUJILLO","Investigador","3",30701.1,111163.31,109908.31,12352,"Masculino"
"290","804","Wang Chen, Chumin","Instituto De Investigaciones En Materiales","I6696 INVESTIGADOR TITULAR C TIEMPO COMPLETO",23371.12,23371.12,56386.09,0,"WANG","Chumin",NA,"CHUMIN","CHEN","Investigador","3",30701.1,111713.31,110458.31,12365,"Masculino"
"291","765","Maileppallil Thankamma De Nair, Santhamma","Instituto De Energias Renovables En Temixco, Mor.","I6696 INVESTIGADOR TITULAR C TIEMPO COMPLETO",23371.12,23371.12,56744.55,0,"MAILEPPALLIL","Santhamma",NA,"SANTHAMMA","THANKAMMA DE NAIR","Investigador","3",30701.1,112071.77,110816.77,12382,"Femenino"
"292","130","Garcia Cabrero, Benilde","Facultad De Psicologia","D6696 PROFESOR TITULAR C TIEMPO COMPLETO",23371.12,23371.12,69701.97,0,"GARCIA","Benilde",NA,"BENILDE","CABRERO","Profesor","2",18420.66,112748.75,111493.75,12401,"Masculino"
"293","578","Hacyan Saleryan, Sahen","Instituto De Fisica","I6696 INVESTIGADOR TITULAR C TIEMPO COMPLETO",23371.12,23371.12,59181.31,0,"HACYAN","Sahen",NA,"SAHEN","SALERYAN","Investigador","3",30701.1,114508.53,113253.53,12446,"Masculino"
"294","251","Aguilar Rivero, Mariflor","Facultad De Filosofia Y Letras","D6696 PROFESOR TITULAR C TIEMPO COMPLETO",23371.12,23371.12,65098.19,0,"AGUILAR","Mariflor",NA,"MARIFLOR","RIVERO","Profesor","3",30701.1,120425.41,119170.41,12603,"Femenino"
"295","238","Ostrosky Shejet, Feggy","Facultad De Psicologia","D6696 PROFESOR TITULAR C TIEMPO COMPLETO",23371.12,23371.12,65540.75,0,"OSTROSKY","Feggy",NA,"FEGGY","SHEJET","Profesor","3",30701.1,120867.97,119612.97,12608,"Masculino"
"296","73","Simon Dominguez, Nadima","Facultad De Contaduria Y Administracion","D2199 PROFESOR EMERITO",24730.75,24730.75,105671.55,0,"SIMON","Nadima",NA,"NADIMA","DOMINGUEZ","Emerito","2",18420.66,150077.96,148822.96,12784,"Femenino"
"297","90","Possani Postay, Lourival","Instituto De Biotecnologia","I2199 INVESTIGADOR EMERITO",24730.75,24730.75,102410.37,0,"POSSANI","Lourival","Domingos","LOURIVAL DOMINGOS","POSTAY","Emerito","3",30701.1,159097.22,157842.22,12812,"Masculino"
"298","11","Arreguin Lozano, Barbarin","Instituto De Quimica","I2199 INVESTIGADOR EMERITO",24730.75,24730.75,127522.05,0,"ARREGUIN","Barbarin",NA,"BARBARIN","LOZANO","Emerito","2",18420.66,171928.46,170673.46,12851,"Masculino"
"299","32","Mello Picco, Pier","Instituto De Fisica","I2199 INVESTIGADOR EMERITO",24730.75,24730.75,118732.97,0,"MELLO","Pier","Achille","PIER ACHILLE","PICCO","Emerito","3",30701.1,175419.82,174164.82,12856,"Masculino"
