"","unidad","remmedia"
"1","Centro De Ciencias De La Atmosfera",56305.6240084388
"2","Centro De Ciencias De La Complejidad",62840.6975
"3","Centro De Ciencias Genomicas",60256.2527307692
"4","Centro De Ciencias Matematicas En Morelia, Mich.",70103.588844086
"5","Centro De Enseñanza Para Extranjeros",46533.2301944444
"6","Centro De Fisica Aplicada Y Tecnologia Avanzada En Juriquilla, Qro.",68691.4411111111
"7","Centro De Geociencias En Juriquilla, Qro.",64592.7072807018
"8","Centro De Investigaciones En Geografia Ambiental En Morelia Michoacan",58372.4240441176
"9","Centro De Investigaciones Interdisciplinarias En Ciencias Y Humanidades",60439.8882523148
"10","Centro De Investigaciones Multidisciplinarias Sobre Chiapas Y La Frontera Sur",48405.0179
"11","Centro De Investigaciones Sobre America Del Norte",56602.1030871212
"12","Centro De Investigaciones Sobre America Latina Y El Caribe",55205.5038983051
"13","Centro De Investigaciones Y Estudios De Genero",50789.7905
"14","Centro De Nanociencias Y Nanotecnologia En Ensenada, B. C.",66813.9480078125
"15","Centro Peninsular En Humanidades Y Ciencias Sociales En Merida, Yucatan",52159.52
"16","Centro Regional De Investigaciones Multidisciplinarias De La Unam",62735.435801282
"17","Centro Universitario De Teatro",26502.92
"18","Consejo Tecnico Y Coordinacion De La Investigacion Cientifica",65374.0877298851
"19","Coordinacion De Asesores",104305.37
"20","Coordinacion De Desarrollo Educativo E Innovacion Curricular",130372.631111111
"21","Coordinacion De Difusion Cultural",130454.08
"22","Coordinacion De Relaciones Y Asuntos Internacionales",96290.612
"23","Coordinacion De Servicios Administrativos En Juriquilla, Qro.",143815.846666667
"24","Coordinacion General De Estudios De Posgrado",118058.998596491
"25","Coordinacion Universitaria De Educacion A Distancia",52320.5864583333
"26","Coordinacion Y Consejo Tecnico De Humanidades",50741.8978333333
"27","Defensoria De Los Derechos Universitarios",116527.658333333
"28","Direccion De La Esc. Nal. C.c.h.",65092.1958333333
"29","Direccion De Literatura",89861.3133333333
"30","Direccion General De Asuntos Del Personal Academico",34405.6659642234
"31","Direccion General De Atencion A La Comunidad",111504.45
"32","Direccion General De Atencion A La Salud",119616.435
"33","Direccion General De Bibliotecas",40858.0557062147
"34","Direccion General De Computo Y De Tecnologias De Informacion Y Comunicacion",40744.9417720307
"35","Direccion General De Cooperacion E Internacionalizacion De La Unam",82004.39
"36","Direccion General De Divulgacion De La Ciencia",58392.1949333333
"37","Direccion General De Incorporacion Y Revalidacion De Estudios",117274.215833333
"38","Direccion General De Obras Y Conservacion",73244.61
"39","Direccion General De Orientacion Y Atencion Educativa",43500.1089655172
"40","Direccion General De Personal",45976.2120833333
"41","Direccion General De Planeacion",115473.303333333
"42","Direccion General De Publicaciones",107335.985
"43","Direccion General De Radio Unam",90099.2375
"44","Direccion General De Servicios Administrativos",109642.8775
"45","Direccion General Escuela Nacional Preparatoria",39235.1054475309
"46","Escuela Nacional De Artes Cinematograficas",40715.5392
"47","Escuela Nacional De Ciencias De La Tierra",177079.424166667
"48","Escuela Nacional De Enfermeria Y Obstetricia",46447.7063425926
"49","Escuela Nacional De Estudios Superiores, Unidad Juriquilla, Qro.",46447.9721376812
"50","Escuela Nacional De Estudios Superiores, Unidad Leon, Gto.",46655.9477645503
"51","Escuela Nacional De Estudios Superiores, Unidad Merida, Yuc.",52210.7431089744
"52","Escuela Nacional De Estudios Superiores, Unidad Morelia. Mich.",39583.5593567251
"53","Escuela Nacional De Lenguas, Linguistica Y Traduccion",44371.259794686
"54","Escuela Nacional De Trabajo Social",51874.934047619
"55","Facultad De Arquitectura",48840.4110964912
"56","Facultad De Artes Y Diseño",56151.5428427419
"57","Facultad De Ciencias",55732.5302524752
"58","Facultad De Ciencias Politicas Y Sociales",56696.1678367347
"59","Facultad De Contaduria Y Administracion",54512.4309623894
"60","Facultad De Derecho",54691.0611036036
"61","Facultad De Economia",55783.8334853604
"62","Facultad De Estudios Superiores Acatlan",56913.8863391557
"63","Facultad De Estudios Superiores Aragon",47102.4168386243
"64","Facultad De Estudios Superiores Cuautitlan",56003.020951119
"65","Facultad De Estudios Superiores Iztacala",59586.3321719298
"66","Facultad De Estudios Superiores Zaragoza",56101.0448393939
"67","Facultad De Filosofia Y Letras",56248.8936861111
"68","Facultad De Ingenieria",55992.5392463235
"69","Facultad De Medicina",50487.6352659853
"70","Facultad De Medicina Veterinaria Y Zootecnia",54337.3246858974
"71","Facultad De Musica",52060.0448373984
"72","Facultad De Odontologia",47337.2145798319
"73","Facultad De Psicologia",49019.4785633214
"74","Facultad De Quimica",62488.3571199634
"75","Instituto De Astronomia",64285.9855514706
"76","Instituto De Biologia",61045.0454420732
"77","Instituto De Biotecnologia",64188.2866791667
"78","Instituto De Ciencias Aplicadas Y Tecnologia",55838.8751126126
"79","Instituto De Ciencias Del Mar Y Limnologia",60397.6837946429
"80","Instituto De Ciencias Fisicas",75794.7861320755
"81","Instituto De Ciencias Nucleares",73802.8947527473
"82","Instituto De Ecologia",65269.6436111111
"83","Instituto De Energias Renovables En Temixco, Mor.",71476.5679225352
"84","Instituto De Fisica",72729.7354571429
"85","Instituto De Fisiologia Celular",66054.2458121019
"86","Instituto De Geofisica",59337.9983515815
"87","Instituto De Geografia",58238.9401470588
"88","Instituto De Geologia",58923.1023977987
"89","Instituto De Ingenieria",56116.1775708333
"90","Instituto De Investigaciones Antropologicas",57746.1521260684
"91","Instituto De Investigaciones Bibliograficas",43514.5314864865
"92","Instituto De Investigaciones Bibliotecologicas Y De La Informacion",60559.8428191489
"93","Instituto De Investigaciones Biomedicas",64576.7623484848
"94","Instituto De Investigaciones Economicas",56858.6951666667
"95","Instituto De Investigaciones En Ecosistemas Y Sustentabilidad En Morelia, Mich.",68338.3836378205
"96","Instituto De Investigaciones En Matematicas Aplicadas Y En Sistemas",58244.6373723724
"97","Instituto De Investigaciones En Materiales",74573.3562015504
"98","Instituto De Investigaciones Esteticas",54971.4768584071
"99","Instituto De Investigaciones Filologicas",59037.8381272894
"100","Instituto De Investigaciones Filosoficas",72992.5169590643
"101","Instituto De Investigaciones Historicas",60056.8026948052
"102","Instituto De Investigaciones Juridicas",59898.3616025641
"103","Instituto De Investigaciones Sobre La Universidad Y La Educacion",56157.2763592233
"104","Instituto De Investigaciones Sociales",75854.9175744048
"105","Instituto De Matematicas",69825.0467492492
"106","Instituto De Neurobiologia En Queretaro, Qro.",56333.9410478548
"107","Instituto De Quimica",68952.193168239
"108","Instituto De Radioastronomia Y Astrofisica En Morelia, Mich.",69734.4740833333
"109","Laboratorio Internacional De Investigacion Sobre El Genoma Humano",53759.1619444444
"110","Oficina De La Abogacia General",229596.433333333
"111","Oficina Del Consejo Academico Del Bachillerato",84360.245
"112","Oficina Del Rector",182005.144583333
"113","Oficina Del Tesorero",117040.8575
"114","Plantel Azcapotzalco C.c.h.",53408.3314411765
"115","Plantel Cinco Jose Vasconcelos E.n.p.",50808.0015934066
"116","Plantel Cuatro Vidal Castañeda Y Najera E.n.p.",45164.9263194444
"117","Plantel Dos Erasmo Castellanos Quinto E.n.p.",49050.2264980159
"118","Plantel Naucalpan C.c.h.",49999.2529074074
"119","Plantel Nueve Pedro De Alba E.n.p.",48214.911503268
"120","Plantel Ocho Miguel E. Schulz E.n.p.",50873.3947077922
"121","Plantel Oriente C.c.h.",54784.8248076923
"122","Plantel Seis Antonio Caso E.n.p.",48043.1093928571
"123","Plantel Siete Ezequiel A. Chavez E.n.p.",46596.4653448276
"124","Plantel Sur C.c.h.",53075.7712621359
"125","Plantel Tres Justo Sierra E.n.p.",41039.2118703704
"126","Plantel Uno Gabino Barreda E.n.p.",45191.0969090909
"127","Plantel Vallejo C.c.h.",51716.2116863905
"128","Programa Universitario De Bioetica",94565.7316666667
"129","Programa Universitario De Derechos Humanos",89567.83
"130","Programa Universitario De Estudios De La Diversidad Cultural Y La Interculturalidad",77986.4502777778
"131","Programa Universitario De Estudios Del Desarrollo",134711.819166667
"132","Programa Universitario De Estudios Sobre La Ciudad",149839.366666667
"133","Secretaria Administrativa",251908.153333333
"134","Secretaria De Desarrollo Institucional",158755.703888889
"135","Secretaria De Prevencion, Atencion Y Seguridad Universitaria",98588.1166666667
"136","Secretaria General",136241.406574074
"137","Unidad Coordinadora De Servicios Academicos",86665.94
"138","Unidad De Coordinacion Administrativa",161465.468333333
"139","Unidad De Transparencia De La Unam",39691.54
"140","Unidad Para El Desarrollo De Planes Y Programas",146265.995277778
