"","sexo","Remuneracion","n","nombr"
"3","Femenino",164340.251538462,26,"Emerito"
"1","Femenino",53826.6609586995,5803,"General"
"4","Femenino",71172.2326360717,986,"Investigador"
"5","Femenino",58941.4982500335,2491,"Profesor"
"6","Femenino",39601.814557971,2300,"Tecnico"
"7","Masculino",159013.67120155,86,"Emerito"
"2","Masculino",59021.9423752178,7079,"General"
"8","Masculino",77289.3953716745,1704,"Investigador"
"9","Masculino",60741.0924130745,3039,"Profesor"
"10","Masculino",39043.4865751852,2250,"Tecnico"
