"","sexo","Remuneracion","n","nombr"
"4","Femenino",164340.251538462,26,"Emerito"
"1","Femenino",53490.5623881133,5802,"General"
"5","Femenino",70728.2580067682,985,"Investigador"
"6","Femenino",58610.5985922655,2491,"Profesor"
"7","Femenino",39310.0266112319,2300,"Tecnico"
"8","Masculino",159013.67120155,86,"Emerito"
"2","Masculino",58715.5256041343,7079,"General"
"9","Masculino",76866.7311042645,1704,"Investigador"
"10","Masculino",60466.6520683887,3039,"Profesor"
"11","Masculino",38770.2064848148,2250,"Tecnico"
"3",NA,57142.9,1,"General"
"12",NA,57142.9,1,"Investigador"
