"","sexo","Remuneracion","n","nombr"
"4","Femenino",164340.251538462,26,"Emerito"
"1","Femenino",51885.7440289268,5802,"General"
"5","Femenino",68287.3620067682,985,"Investigador"
"6","Femenino",56826.3128275124,2491,"Profesor"
"7","Femenino",38239.4971677536,2300,"Tecnico"
"8","Masculino",157918.360852713,86,"Emerito"
"2","Masculino",56859.0462242784,7079,"General"
"9","Masculino",74138.4537744523,1704,"Investigador"
"10","Masculino",58549.1213576286,3039,"Profesor"
"11","Masculino",37627.3351781481,2250,"Tecnico"
"3",NA,57142.9,1,"General"
"12",NA,57142.9,1,"Investigador"
